seq_id;dna_sequence;kingdom;phylum;class;order;family;genus;specificEpithet;identificationRemarks;scientificName;SPY221581;SPY235475;SPY235471;SPY235476;SPY235472;SPY235474;SPY233837;SPY235469
Gua_PORT_complet_8;gtgggtctaaagcaccgccaagtcctttgggttttaagctgatgctcgtagttcccaggcggatgataattgtaaaacatcatcaatgtttaaggctag;Animalia;Chordata;Teleostei;Acanthuriformes;Acanthuridae;Acanthurus;tractus;Acanthurus tractus;Acanthurus tractus;;;1 987 ;3 913 ;;;;
Gua_PORT_complet_9;gtgggtctaaagcaccgccaagtcctttgggttttaagctgatgctcgtagttcccgggcggatgataattgtaaaataccatcaatgtttaaggctag;Animalia;Chordata;Teleostei;Acanthuriformes;Acanthuridae;Acanthurus;chirurgus;Acanthurus chirurgus;Acanthurus chirurgus;;430 ;4 849 ;27 438 ;;;783 ;
Gua_PORT_complet_10;gtgggtctaaagcaccgccaagtcctttgggttttaagctggtgctcgtagttcccaggcggatgacagttgtaaattatcatcaatgtttaaggctag;Animalia;Chordata;Teleostei;Acanthuriformes;Acanthuridae;Acanthurus;coeruleus;Acanthurus coeruleus;Acanthurus coeruleus;;508 ;;;;;;
Gua_PORT_complet_11;ggggatctaaggtgtcgccaagtcctttgggttttaagctagcgcttgtagtcccctggcggataatatctgtaccatattatcaaagtttagggctaa;Animalia;Chordata;Teleostei;Albuliformes;Albulidae;Albula;vulpes;Albula vulpes;Albula vulpes;;126 ;;758 ;26 ;29 ;53 ;
Gua_PORT_complet_12;gtgggtttgaggcaccgccaagtcccttgggttttaagctagggctcgtagttccctggcgggcgagttttgtactattaatcgccttggtttaaggctaa;Animalia;Chordata;Teleostei;Anguilliformes;Muraenidae;Gymnothorax;;Gymnothorax moringa, Gymnothorax conspersus (distributed but 12S missing from Genbank and high interspecific variation in COI between reference sequences), Gymnothorax hubbsi (distributed but 12S missing from Genbank and high interspecific variation in COI between reference sequences);Gymnothorax sp.;;;;21 ;;;43 ;
Gua_PORT_complet_13;gtgggtttgaggcaccgccaagtcccttgggttttaagctagggctcgtagttccctggcgggcgagttttgtgttgttaatcgccttggtttaaggctaa;Animalia;Chordata;Teleostei;Anguilliformes;Muraenidae;Gymnothorax;;Gymnothorax vicinus, Gymnothorax conspersus (distributed but 12S missing from Genbank and high interspecific variation in COI between reference sequences), Gymnothorax hubbsi (distributed but 12S missing from Genbank and high interspecific variation in COI between reference sequences);Gymnothorax sp.;;;334 ;;;;;
Gua_PORT_complet_15;gtggttttgaggcaccgccaagtcctttgggttttaagctggggctcgtagttccctggcgggcggggtttgtgggtcagaccgccttggtttaaggctaa;Animalia;Chordata;Teleostei;Anguilliformes;Muraenidae;;;Echidna catenata (distributed but 12S missing from Genbank and high interspecific variation in COI between reference sequences), Gymnothorax conspersus (distributed but 12S missing from Genbank and high interspecific variation in COI between reference sequences), Gymnothorax hubbsi (distributed but 12S missing from Genbank and high interspecific variation in COI between reference sequences), Gymnothorax ocellatus (distributed but 12S missing from Genbank and high interspecific variation in COI between reference sequences);Muraenidae;;;;320 ;;;;
Gua_PORT_complet_17;gtgggtttgaggcaccgccaagtcctttgggttttaagctggcgctcgtagtcccctggcggacgggttttgtactttcccgtcatcgtttacagttag;Animalia;Chordata;Teleostei;Anguilliformes;Ophichthidae;Myrophis;;Myrophis punctatus, Myrophis plumbeus (distributed but 12S missing from Genbank and high interspecific variation in COI between reference sequences);Myrophis sp.;40 ;329 ;;;;;2 040 ;
Gua_PORT_complet_19;ggggatctaaagcaccgccaagtcctttgggttttaagctagtgctcgtagttcccgggcggatagggggtgtaattatcctatcaaagtttagggctgg;Animalia;Chordata;Teleostei;Atheriniformes;Atherinidae;Atherinomorus;stipes;Atherinomorus stipes;Atherinomorus stipes;99 ;2 183 ;;2 381 ;124 ;;1 161 ;
Gua_PORT_complet_21;gggggtctgaagcaccgccaagtcctttgggttttaagcttatgctcgtagttccctggcggataaatattataattagttatctaagtttacggctta;Animalia;Chordata;Teleostei;Aulopiformes;Synodontidae;Synodus;foetens;Synodus foetens;Synodus foetens;;;;;;;75 ;
Gua_PORT_complet_22;gtgggtctaaagcaccgccaagtcctttggattttaagctgaagctcgtagtaccctggcggatagttgtgtagtattctatcaaagtttagggctgt;Animalia;Chordata;Teleostei;Beloniformes;Belonidae;Strongylura;;Strongylura timucu, Strongylura forsythia (distributed but 12S missing from Genbank and high interspecific variation in COI between reference sequences);Strongylura sp.;;623 ;;;;;224 ;
Gua_PORT_complet_26;gtgggtctaaagcaccgccaagtcctttggattttaagctagagctcgtagtaccctggcggatagtgggtgtaatgtttctatcaaagtttagggctgt;Animalia;Chordata;Teleostei;Beloniformes;Belonidae;;;Tylosurus acus, Tylosurus crocodilus, Ablennes hians;Belonidae;49 ;;;;23 ;;;
Gua_PORT_complet_30;gtgggtctaaagcaccgccaagtcctttggattttaagctagagctcgtagtaccctggcggatagtggatgtaatgtttctatcaaagtttagggctgt;Animalia;Chordata;Teleostei;Beloniformes;Belonidae;;;Tylosurus acus, Tylosurus crocodilus, Ablennes hians;Belonidae;;1 079 ;6 180 ;11 673 ;;244 ;258 ;
Gua_PORT_complet_44;gtggatctaaagcaccgccaagtcctttgggttttaagctagcgctcgtagtaccctggcggataatatatgtaaaattttatctaggtttatggctga;Animalia;Chordata;Teleostei;Beloniformes;Hemiramphidae;;;Hemiramphus balao, Hemiramphus brasiliensis, Hyporhamphus collettei (distributed but 12S missing from Genbank and high interspecific variation in COI between reference sequences), Hyporhamphus roberti (distributed but 12S missing from Genbank and high interspecific variation in COI between reference sequences), Oxyporhamphus micropterus, Oxyporhamphus similis (distributed but 12S missing from Genbank and high interspecific variation in COI between reference sequences);Hemiramphidae;;15 ;481 ;517 ;;;;
Gua_PORT_complet_49;gtgggtctaaagcaccgccaagtcctttgggttttaagctagcgctcgtagtaccctggcggataatatatgtaaaattttatctaggtttatggctga;Animalia;Chordata;Teleostei;Beloniformes;Hemiramphidae;;;Hemiramphus balao, Hemiramphus brasiliensis, Hyporhamphus collettei (distributed but 12S missing from Genbank and high interspecific variation in COI between reference sequences), Hyporhamphus roberti (distributed but 12S missing from Genbank and high interspecific variation in COI between reference sequences), Oxyporhamphus micropterus, Oxyporhamphus similis (distributed but 12S missing from Genbank and high interspecific variation in COI between reference sequences);Hemiramphidae;;;639 ;651 ;46 ;23 ;61 ;
Gua_PORT_complet_63;gtgggtttgaagcaccgccaagtcctttgggttttaagctagcgctcgtagtaccctggcggataatatatgtaaaattttatctaggtttatggctga;Animalia;Chordata;Teleostei;Beloniformes;Hemiramphidae;;;Hemiramphus balao, Hemiramphus brasiliensis, Hyporhamphus collettei (distributed but 12S missing from Genbank and high interspecific variation in COI between reference sequences), Hyporhamphus roberti (distributed but 12S missing from Genbank and high interspecific variation in COI between reference sequences), Oxyporhamphus micropterus, Oxyporhamphus similis (distributed but 12S missing from Genbank and high interspecific variation in COI between reference sequences);Hemiramphidae;;2 999 ;134 196 ;161 900 ;588 ;1 241 ;1 815 ;37 
Gua_PORT_complet_66;gtgggtctaaagcaccgccaagtcctttgggttttaagctagcgctcgtagtcccctggcggatagtgggtgtagaagtctatcaaagtttacggctga;Animalia;Chordata;Teleostei;Beloniformes;Hemiramphidae;Hyporhamphus;;Hyporhamphus unifasciatus, Hyporhamphus collettei (distributed but 12S missing from Genbank and high interspecific variation in COI between reference sequences), Hyporhamphus roberti (distributed but 12S missing from Genbank and high interspecific variation in COI between reference sequences);Hyporhamphus sp.;;;2 198 ;808 ;;;240 ;
Gua_PORT_complet_70;ggggttattaagcaccgccaagtcctttgggttttaagctagtgctcgtagtacccgggcggataatgagtgtaataatattatctaagtttaaggctaa;Animalia;Chordata;Teleostei;Blenniiformes;Blenniidae;Hypleurochilus;;Hypleurochilus springeri, Hypleurochilus bermudensis (distributed but 12S missing from Genbank and high interspecific variation in COI between reference sequences), Hypleurochilus caudovittatus (distributed but 12S missing from Genbank and high interspecific variation in COI between reference sequences), Hypleurochilus pseudoaequipinnis (distributed but 12S missing from Genbank and high interspecific variation in COI between reference sequences);Hypleurochilus sp.;;;;;;;103 ;
Gua_PORT_complet_71;ggggttattaagcaccgccaagtcctttgggttttaagctagtgctcgtagtacccgggcggataatgggtgtaataatattatctaagtttaaggctaa;Animalia;Chordata;Teleostei;Blenniiformes;Blenniidae;Hypleurochilus;;Hypleurochilus springeri, Hypleurochilus bermudensis (distributed but 12S missing from Genbank and high interspecific variation in COI between reference sequences), Hypleurochilus caudovittatus (distributed but 12S missing from Genbank and high interspecific variation in COI between reference sequences), Hypleurochilus pseudoaequipinnis (distributed but 12S missing from Genbank and high interspecific variation in COI between reference sequences);Hypleurochilus sp.;;;;;;;149 ;
Gua_PORT_complet_72;gggggtgttaagcaccgccaagtcctttgggttttaagctagtgctcgtagttcccgggcggataatgttagtaatattattatctgagtttaggggtaa;Animalia;Chordata;Teleostei;Blenniiformes;Blenniidae;Scartella;cristata;Scartella cristata;Scartella cristata;;;757 ;;;;;
Gua_PORT_complet_73;gtggatcttaagcaccgccaagtcctttgggttttaagctaggcttgtagtacccaggcggatagcgagtgtaatgagctatcatggtttagggctga;Animalia;Chordata;Teleostei;Gobiesociformes;Gobiesocidae;Arcos;;Arcos nudus (distributed but 12S missing from Genbank and high interspecific variation in COI between reference sequences);Arcos sp.;;;166 ;;;;;
Gua_PORT_complet_74;gggggtcttaagcaccgccaagtcctttgggtttcaagctagtgctcgtagtaccctggcgggcagagattgtagtaagctgccaaagtttatggctgt;Animalia;Chordata;Teleostei;Blenniiformes;;;;Brockius nigricinctus (distributed but 12S missing from Genbank and high interspecific variation in COI between reference sequences), Gobioclinus bucciferus (distributed but 12S missing from Genbank and high interspecific variation in COI between reference sequences), Gobioclinus gobio (distributed but 12S missing from Genbank and high interspecific variation in COI between reference sequences), Gobioclinus guppyi (distributed but 12S missing from Genbank and high interspecific variation in COI between reference sequences), Gobioclinus haitiensis (distributed but 12S missing from Genbank and high interspecific variation in COI between reference sequences);Blenniiformes;;;12 081 ;13 430 ;180 ;;265 ;
Gua_PORT_complet_77;ggggatcttaagcaccgccaagtcctttgggttttaagctagtgctcgtagtacccgggcgggcagtgtgtaatatcgtctgccaaagtttagggctat;Animalia;Chordata;Teleostei;Blenniiformes;Labrisomidae;;;Labrisomus conditus (distributed but 12S missing from Genbank and high interspecific variation in COI between reference sequences), Labrisomus cricota (distributed but 12S missing from Genbank and high interspecific variation in COI between reference sequences);Labrisomidae;;;;927 ;;;53 ;
Gua_PORT_complet_78;ggggatcttaagcaccgccaagtcctttgggttttaagctcgtgcttgtagtaccctggcgggcagcaagtgtactgtgctgccaaagtttatggctgt;Animalia;Chordata;Teleostei;Blenniiformes;Chaenopsidae;Stathmonotus;;Stathmonotus stahli, Stathmonotus tekla (distributed but 12S missing from Genbank and high interspecific variation in COI between reference sequences);Stathmonotus sp.;;;2 182 ;1 410 ;;;82 ;
Gua_PORT_complet_84;gggggtcttaagcaccgccaagtcctttgggtttcaagctagtgctcgtagttccctggcgggcagaaattgtagtaaactgccgaagtttatggctgt;Animalia;Chordata;Teleostei;Blenniiformes;;;;Brockius nigricinctus (distributed but 12S missing from Genbank and high interspecific variation in COI between reference sequences), Gobioclinus bucciferus (distributed but 12S missing from Genbank and high interspecific variation in COI between reference sequences), Gobioclinus gobio (distributed but 12S missing from Genbank and high interspecific variation in COI between reference sequences), G. guppyi (distributed but 12S missing from Genbank and high interspecific variation in COI between reference sequences), G. haitiensis (distributed but 12S missing from Genbank and high interspecific variation in COI between reference sequences);Blenniiformes;;;;;;;501 ;
Gua_PORT_complet_90;gtggatcttaagcaccgccaagtcctttgggttttaagcttatgcttgtagttcccgggcgggcagtagttgtaaaaaactgcctaagtttacggctga;Animalia;Chordata;Teleostei;Blenniiformes;Labrisomidae;Starksia;;Starksia ocellata, Starksia leucovitta (distributed but 12S missing from Genbank and high interspecific variation in COI between reference sequences), Starksia melasma (distributed but 12S missing from Genbank and high interspecific variation in COI between reference sequences), Starksia rava (distributed but 12S missing from Genbank and high interspecific variation in COI between reference sequences), Starksia splendens (distributed but 12S missing from Genbank and high interspecific variation in COI between reference sequences), Starksia variabilis (distributed but 12S missing from Genbank and high interspecific variation in COI between reference sequences), Starksia y-lineata (distributed but 12S missing from Genbank and high interspecific variation in COI between reference sequences);Starksia sp.;;;2 104 ;1 017 ;;;1 035 ;
Gua_PORT_complet_103;gtggttctaaggcaccgccaagtcctttgggtttcaagctgatgctcgtagtacccgggcgggcagcatatgtagggggctgccaaagtttatggctgt;Animalia;Chordata;Teleostei;Blenniiformes;Labrisomidae;;;Malacoctenus aurolineatus (distributed but 12S missing from Genbank and high interspecific variation in COI between reference sequences), Malacoctenus boehlkei (distributed but 12S missing from Genbank and high interspecific variation in COI between reference sequences), Malacoctenus delalandii (distributed but 12S missing from Genbank and high interspecific variation in COI between reference sequences), Malacoctenus erdmani (distributed but 12S missing from Genbank and high interspecific variation in COI between reference sequences), Malacoctenus gilli (distributed but 12S missing from Genbank and high interspecific variation in COI between reference sequences), Malacoctenus versicolor (distributed but 12S missing from Genbank and high interspecific variation in COI between reference sequences);Labrisomidae;;;11 943 ;24 571 ;;;657 ;
Gua_PORT_complet_104;gtggttctaaggcaccgccaagtcctttgggtttcaagctgatgctcgtagtacccgggcgggcagcatatgtagggggctgccgaagtttatggctgt;Animalia;Chordata;Teleostei;Blenniiformes;Labrisomidae;;;Malacoctenus aurolineatus (distributed but 12S missing from Genbank and high interspecific variation in COI between reference sequences), Malacoctenus boehlkei (distributed but 12S missing from Genbank and high interspecific variation in COI between reference sequences), Malacoctenus delalandii (distributed but 12S missing from Genbank and high interspecific variation in COI between reference sequences), Malacoctenus erdmani (distributed but 12S missing from Genbank and high interspecific variation in COI between reference sequences), Malacoctenus gilli (distributed but 12S missing from Genbank and high interspecific variation in COI between reference sequences), Malacoctenus versicolor (distributed but 12S missing from Genbank and high interspecific variation in COI between reference sequences);Labrisomidae;;3 472 ;;;;;392 ;13 
Gua_PORT_complet_106;gtggttctaaggcaccgccaagtcctttgggttttaagctgatgctcgtagtaccctggcgggcagcatatgtacggggctgccaaagtttatggctgt;Animalia;Chordata;Teleostei;Blenniiformes;Labrisomidae;;;Malacoctenus aurolineatus (distributed but 12S missing from Genbank and high interspecific variation in COI between reference sequences), Malacoctenus boehlkei (distributed but 12S missing from Genbank and high interspecific variation in COI between reference sequences), Malacoctenus delalandii (distributed but 12S missing from Genbank and high interspecific variation in COI between reference sequences), Malacoctenus erdmani (distributed but 12S missing from Genbank and high interspecific variation in COI between reference sequences), Malacoctenus gilli (distributed but 12S missing from Genbank and high interspecific variation in COI between reference sequences), Malacoctenus versicolor (distributed but 12S missing from Genbank and high interspecific variation in COI between reference sequences);Labrisomidae;;;;1 950 ;;;;
Gua_PORT_complet_107;gtggttctaaggcaccgccaagtcctttgggtttcaagctgatgctcgtagtaccctggcgggcagcatatgtatagggctgccaaagtttatggctgt;Animalia;Chordata;Teleostei;Blenniiformes;Labrisomidae;Malacoctenus;;Malacoctenus triangulatus, Malacoctenus aurolineatus (distributed but 12S missing from Genbank and high interspecific variation in COI between reference sequences), Malacoctenus boehlkei (distributed but 12S missing from Genbank and high interspecific variation in COI between reference sequences), Malacoctenus delalandii (distributed but 12S missing from Genbank and high interspecific variation in COI between reference sequences), Malacoctenus erdmani (distributed but 12S missing from Genbank and high interspecific variation in COI between reference sequences), Malacoctenus gilli (distributed but 12S missing from Genbank and high interspecific variation in COI between reference sequences), Malacoctenus versicolor (distributed but 12S missing from Genbank and high interspecific variation in COI between reference sequences);Malacoctenus sp.;;;;;;;;26 
Gua_PORT_complet_108;gtggttctaaggcaccgccaagtcctttgggtttcaagctgatgctcgtagtaccctggcgggcagtatatgtaaggggttgccaaagtttatggctgt;Animalia;Chordata;Teleostei;Blenniiformes;Labrisomidae;Malacoctenus;macropus;Malacoctenus macropus;Malacoctenus macropus;;;;9 657 ;;;65 ;
Gua_PORT_complet_114;gtggatcttaagcaccgccaagtcctttgggttttaagctggtgctcgtagtaccctggcgggcagcatatgtatcaggctgccaaagtttaaggctgt;Animalia;Chordata;Teleostei;Blenniiformes;;;;Malacoctenus aurolineatus (distributed but 12S missing from Genbank and high interspecific variation in COI between reference sequences), Malacoctenus boehlkei (distributed but 12S missing from Genbank and high interspecific variation in COI between reference sequences), Malacoctenus delalandii (distributed but 12S missing from Genbank and high interspecific variation in COI between reference sequences), Malacoctenus erdmani (distributed but 12S missing from Genbank and high interspecific variation in COI between reference sequences), Malacoctenus gilli (distributed but 12S missing from Genbank and high interspecific variation in COI between reference sequences), Malacoctenus versicolor (distributed but 12S missing from Genbank and high interspecific variation in COI between reference sequences), Paraclinus barbatus (distributed but 12S missing from Genbank and high interspecific variation in COI between reference sequences), Paraclinus cingulatus (distributed but 12S missing from Genbank and high interspecific variation in COI between reference sequences), Paraclinus grandicomis (distributed but 12S missing from Genbank and high interspecific variation in COI between reference sequences), Paraclinus infrons (distributed but 12S missing from Genbank and high interspecific variation in COI between reference sequences), Paraclinus naeorhegmis (distributed but 12S missing from Genbank and high interspecific variation in COI between reference sequences), Emblemaria pandionis (distributed but 12S missing from Genbank and high interspecific variation in COI between reference sequences);Blenniiformes;;;1 233 ;176 ;;;403 ;
Gua_PORT_complet_115;gtggatcttaagcaccgccaagtcctttgggttttaagctggtgctcgtagtaccctggcgggcagcatatgtattaggctgccaaagtttaaggctgt;Animalia;Chordata;Teleostei;Blenniiformes;Labrisomidae;;;Malacoctenus aurolineatus (distributed but 12S missing from Genbank and high interspecific variation in COI between reference sequences), Malacoctenus boehlkei (distributed but 12S missing from Genbank and high interspecific variation in COI between reference sequences), Malacoctenus delalandii (distributed but 12S missing from Genbank and high interspecific variation in COI between reference sequences), Malacoctenus erdmani (distributed but 12S missing from Genbank and high interspecific variation in COI between reference sequences), Malacoctenus gilli (distributed but 12S missing from Genbank and high interspecific variation in COI between reference sequences), Malacoctenus versicolor (distributed but 12S missing from Genbank and high interspecific variation in COI between reference sequences), Paraclinus barbatus (distributed but 12S missing from Genbank and high interspecific variation in COI between reference sequences), Paraclinus cingulatus (distributed but 12S missing from Genbank and high interspecific variation in COI between reference sequences), Paraclinus grandicomis (distributed but 12S missing from Genbank and high interspecific variation in COI between reference sequences), Paraclinus infrons (distributed but 12S missing from Genbank and high interspecific variation in COI between reference sequences), Paraclinus naeorhegmis (distributed but 12S missing from Genbank and high interspecific variation in COI between reference sequences);Labrisomidae;;;1 717 ;;;;;
Gua_PORT_complet_116;gtggatcttaagcaccgccaagtcctttgggttttaagctggtgctcgtagtaccctggcgggcagcatgtgtattaggctgccgaagtttaaggctgt;Animalia;Chordata;Teleostei;Blenniiformes;Labrisomidae;;;Malacoctenus aurolineatus (distributed but 12S missing from Genbank and high interspecific variation in COI between reference sequences), Malacoctenus boehlkei (distributed but 12S missing from Genbank and high interspecific variation in COI between reference sequences), Malacoctenus delalandii (distributed but 12S missing from Genbank and high interspecific variation in COI between reference sequences), Malacoctenus erdmani (distributed but 12S missing from Genbank and high interspecific variation in COI between reference sequences), Malacoctenus gilli (distributed but 12S missing from Genbank and high interspecific variation in COI between reference sequences), Malacoctenus versicolor (distributed but 12S missing from Genbank and high interspecific variation in COI between reference sequences);Labrisomidae;;;538 ;5 823 ;;;103 ;
Gua_PORT_complet_125;gtggatgttaagcaccgccaagtcctttgggttttaaactagtgttcgtaatacccaggcggatgtttaatgtagtaaacgatcaatgtttagggctaa;Animalia;Chordata;Teleostei;Carangiformes;Carangidae;Chloroscombrus;chrysurus;Chloroscombrus chrysurus;Chloroscombrus chrysurus;109 ;5 408 ;;;;128 ;3 108 ;35 
Gua_PORT_complet_126;gtggatgttaagcaccgccaagtcctttgggttttaaactagtgttcgtaattcccaggcggatgtttgatgtggaaaacaatcaatgtttaaggctaa;Animalia;Chordata;Teleostei;Carangiformes;Carangidae;Alectis;ciliaris;Alectis ciliaris;Alectis ciliaris;;;;;12 ;;199 ;
Gua_PORT_complet_127;gtgggtctaaagcaccgccaagtcctttgggttttaaactaatgttcgtaattcccaggcggatgtttgatgtagtaaacaatcaatgtttaaggctaa;Animalia;Chordata;Teleostei;Carangiformes;Carangidae;Caranx;;Caranx crysos, Caranx latus, Caranx lugubris;Caranx sp.;;;;;;;22 ;
Gua_PORT_complet_133;gtggatattaagcaccgccaagtcctttgggttttaaactaatgttcgtaattcccaggcggatgtttgatgtagtaaacaatcaatgtttagggctaa;Animalia;Chordata;Teleostei;Carangiformes;Carangidae;Caranx;bartholomaei;Caranx bartholomaei;Caranx bartholomaei;;;;1 976 ;;;;
Gua_PORT_complet_134;gtggatgttaagcaccgccaagtcctttgggttttaaactaatgttcgtaattcccaggcggatgtttgatgtagtaaacaatcaatgtttaaggctaa;Animalia;Chordata;Teleostei;Carangiformes;Carangidae;;;Caranx bartholomaei, Caranx crysos, Caranx latus, Caranx lugubris, Uraspis secunda, Alectis ciliaris;Carangidae;46 ;3 166 ;;;;;981 ;
Gua_PORT_complet_135;gtggatgttaagcaccgccaagtcctttgggttttaaactaatgttcgtaattcccaggcggatgtttgatgtagtaaacgatcaatgtttagggctaa;Animalia;Chordata;Teleostei;Carangiformes;Carangidae;Caranx;;Caranx crysos, Caranx latus, Caranx lugubris;Caranx sp.;16 ;;271 ;2 052 ;;78 ;281 ;21 
Gua_PORT_complet_136;gtggatgttaagcaccgccaagtcctttgggttttaaactaatgttcgtaattcccgggcggatgtttgatgtagtaaacgatcaatgtttaaggctaa;Animalia;Chordata;Teleostei;Carangiformes;Carangidae;Caranx;;Caranx crysos, Caranx latus, Caranx lugubris;Caranx sp.;17 ;;;1 239 ;15 ;;359 ;
Gua_PORT_complet_139;gtggatgttaagcaccgccaagtccttggggttttaaactgatgttcgtaatacccgggcggatgtttggtgtaatatataatcaatgtttagggctaa;Animalia;Chordata;Teleostei;Carangiformes;Carangidae;Trachinotus;;Trachinotus carolinus, Trachinotus falcatus, Trachinotus ovatus, Trachinotus cayennensis (distributed but 12S missing from Genbank and high interspecific variation in COI between reference sequences), Trachinotus goodei (distributed but 12S missing from Genbank and high interspecific variation in COI between reference sequences), Trachinotus marginatus (distributed but 12S missing from Genbank and high interspecific variation in COI between reference sequences);Trachinotus sp.;;1 036 ;2 978 ;4 636 ;102 ;270 ;136 ;22 
Gua_PORT_complet_140;gtggatattaagcaccgccaagtcctttgggttttaaactaatgttcgtagttcccaggcggatgtttatgtaataaacagtcaatgtttagggctaa;Animalia;Chordata;Teleostei;Carangiformes;Coryphaenidae;Coryphaena;;Coryphaena equiselis, Coryphaena hippurus;Coryphaena sp.;;;;;;;491 ;
Gua_PORT_complet_141;gtggatgtaaagcaccgccaagtcctttgggttttaaactgatgttcgtaattcccgggcggatgtttgatgtattaaacaatcaatgtttagggctaa;Animalia;Chordata;Teleostei;Carangiformes;Echeneidae;;;Echeneis neucratoides, Echeneis naucrates, Phtheirichthys lineatus, Remora osteochir;Echeneidae;;;;;;;237 ;
Gua_PORT_complet_142;gtgggtctaaagcaccgccaagtcctttgggttttaaactagtgttcgtaatacccaggcggatgtttaatgtagtaaacgatcaatgtttagggctaa;Animalia;Chordata;Teleostei;Carangiformes;Carangidae;Chloroscombrus;chrysurus;Chloroscombrus chrysurus;Chloroscombrus chrysurus;;14 ;;;;;93 ;
Gua_PORT_complet_143;gtgggtctaaagcaccgccaagtcctttgggttttaagctggtgctcgtagttcccaggcggacagtgggtgtaattaactgtcaatgtttagggctag;Animalia;Chordata;Teleostei;Acanthuriformes;Chaerodontidae;Chaetodon;;Chaetodon capistratus, Chaetodon sedentarius, Chaetodon striatus;Chaetodon sp.;;;2 912 ;1 493 ;;;408 ;
Gua_PORT_complet_157;gtgggtctaaagcaccgccaagtcctttgggttttaagctggcgctcgtagtccccaggcggatgtctattgtagtctgacatctaagtttacggcggg;Animalia;Chordata;Teleostei;Clupeiformes;Dorosomatidae;Harengula;;Harengula clupeola, Harengula jaguana;Harengula sp.;293 ;255 ;;;15 ;;278 ;
Gua_PORT_complet_159;gggggtctgaagcaccgccaagtcctttgggttttaagctggcgctcgtagtccccaggcggatgtctattgtagtctgacatctaagtttacggcggg;Animalia;Chordata;Teleostei;Clupeiformes;Dorosomatidae;Harengula;;Harengula clupeola, Harengula jaguana;Harengula sp.;4 946 ;69 679 ;;2 636 ;114 ;;10 322 ;47 
Gua_PORT_complet_160;gggggtctgaaacaccgccaagtcctttgggttttaggctgatgcccgtagtacccaggcggatgtatgttgtgtggtaacatcaatgtttagggccag;Animalia;Chordata;Teleostei;Clupeiformes;Spratelloididae;Jenkinsia;lamprotaenia;Jenkinsia lamprotaenia;Jenkinsia lamprotaenia;;;;1 731 ;;;58 ;
Gua_PORT_complet_161;gggggtctgaagcaccgccaagtcctttgggttttaagctggcgctcgtagtccccgggcggatatttattgtattgaaatatctaagtttacggcagg;Animalia;Chordata;Teleostei;Clupeiformes;Dorosomatidae;;;Opisthonema oglinum, Dorosoma cepedianum;Dorosomatidae;482 ;9 076 ;;1 946 ;160 ;;1 993 ;22 
Gua_PORT_complet_162;gggggtctgaggcaccgccaagtcctttgggttttaagctggtgcttgtagtcccctggcggatgctagttgtacattagcataaaagtttacggctag;Animalia;Chordata;Teleostei;Clupeiformes;Engraulidae;Anchoa;;Anchoa lyolepis, Anchoa colonensis (distributed but 12S missing from Genbank and high interspecific variation in COI between reference sequences), A. cubana (distributed but 12S missing from Genbank and high interspecific variation in COI between reference sequences), A. filifera (distributed but 12S missing from Genbank and high interspecific variation in COI between reference sequences);Anchoa sp.;;;;;;;507 ;
Gua_PORT_complet_165;gggggtctgaggcaccgccaagtcctttgggttttaagctggtgcttgtagttccctggcggatgctagttgtacattagcataaaagtttacggccgg;Animalia;Chordata;Teleostei;Clupeiformes;Engraulidae;Anchoa;;Anchoa lyolepis, Anchoa colonensis (distributed but 12S missing from Genbank and high interspecific variation in COI between reference sequences), Anchoa cubana (distributed but 12S missing from Genbank and high interspecific variation in COI between reference sequences), Anchoa filifera (distributed but 12S missing from Genbank and high interspecific variation in COI between reference sequences);Anchoa sp.;486 ;14 845 ;1 122 ;2 378 ;;;6 431 ;76 
Gua_PORT_complet_171;gggggtctgaggcaccgccaagtcctttgggttttaagctggtgctcgtagttccccggcggatgctagttgtacattagcattaaagtttatggctag;Animalia;Chordata;Teleostei;Clupeiformes;Engraulidae;;;Anchoa colonensis (distributed but 12S missing from Genbank and high interspecific variation in COI between reference sequences), Anchoa cubana (distributed but 12S missing from Genbank and high interspecific variation in COI between reference sequences), Anchoa filifera (distributed but 12S missing from Genbank and high interspecific variation in COI between reference sequences), Anchoa lamprotaenia (distributed but 12S missing from Genbank and high interspecific variation in COI between reference sequences), Engraulis eurystole;Engraulidae;;3 854 ;;;;;;
Gua_PORT_complet_172;gggggtctgaggcaccgccaagtcctttgggttttaagctggtgctcgtagttccctggcggatgctagttgtacattagcattaaagtttacggctag;Animalia;Chordata;Teleostei;Clupeiformes;Engraulidae;;;Anchoa lyolepis, Anchoa colonensis (distributed but 12S missing from Genbank and high interspecific variation in COI between reference sequences), Anchoa cubana (distributed but 12S missing from Genbank and high interspecific variation in COI between reference sequences), Anchoa filifera (distributed but 12S missing from Genbank and high interspecific variation in COI between reference sequences), Engraulis eurystole;Engraulidae;;;2 073 ;;;;;
Gua_PORT_complet_173;gggggtctgaggcaccgccaagtcctttgggttttaagctggtgctcgtagttccctggcggatgctagttgtacgttagcatcaaagtttatggctag;Animalia;Chordata;Teleostei;Clupeiformes;Engraulidae;Cetengraulis;edentulus;Cetengraulis edentulus;Cetengraulis edentulus;95 ;;;;;;276 ;
Gua_PORT_complet_175;gggggtctgaggcaccgccaagtcctttgggttttaagctggtgctcgtagttccctggcggatgctagttgtacattagcattaaagtttatggctag;Animalia;Chordata;Teleostei;Clupeiformes;Engraulidae;;;Anchoa lyolepis, Anchoa colonensis (distributed but 12S missing from Genbank and high interspecific variation in COI between reference sequences), A. cubana (distributed but 12S missing from Genbank and high interspecific variation in COI between reference sequences), A. filifera (distributed but 12S missing from Genbank and high interspecific variation in COI between reference sequences), Engraulis eurystole;Engraulidae;;;;;;;107 ;
Gua_PORT_complet_176;gggggtctgaggcaccgccaagtcctttgggttttaagctggtgctcgtagttccctggcggatgctagttgtacattagcattaaagtttacggctgg;Animalia;Chordata;Teleostei;Clupeiformes;Engraulidae;;;Anchoa colonensis (distributed but 12S missing from Genbank and high interspecific variation in COI between reference sequences), Anchoa cubana (distributed but 12S missing from Genbank and high interspecific variation in COI between reference sequences), Anchoa filifera (distributed but 12S missing from Genbank and high interspecific variation in COI between reference sequences), Anchoa lamprotaenia (distributed but 12S missing from Genbank and high interspecific variation in COI between reference sequences), Engraulis eurystole;Engraulidae;996 ;10 440 ;;352 ;;;6 005 ;98 
Gua_PORT_complet_177;gggggtctaaagcaccgccaagtcctttgggttttaagcttatgctcgtagtccccgggcggataggggttgtggttttctatcaaggtttacggcggt;Animalia;Chordata;Teleostei;Cyprinodontiformes;Poeciliidae;Poecilia;reticulata;Poecilia reticulata;Poecilia reticulata;47 ;27 ;;;;;;
Gua_PORT_complet_178;gggggtctaaagcaccgccaagtcctttgggttttaagcttatgctcgtagtccccaggcggataggggttgtagatttctatcaatgtttacggcggt;Animalia;Chordata;Teleostei;Cyprinodontiformes;Poeciliidae;Poecilia;;Poecilia vivipara (distributed but 12S missing from Genbank and high interspecific variation in COI between reference sequences);Poecilia sp.;127 ;;;;57 ;;;
Gua_PORT_complet_179;gtgggtgtggggcaccgccaagtcctttgggttttaagctgacgcttgtagtcccctggcggatgatatttgtgttttatcatcaaggtttacggccaa;Animalia;Chordata;Teleostei;Elopiformes;Elopidae;Elops;;Elops saurus, Elops smithi;Elops sp.;49 ;;263 ;;;;95 ;
Gua_PORT_complet_181;gtgggtttggggcaccgccaagtcctttgggtttaaagctagcgcttgtagttccctggcggatagtatttgtgtcttactatcagagtttatggccga;Animalia;Chordata;Teleostei;Elopiformes;Megalopidae;Megalops;atlanticus;Megalops atlanticus;Megalops atlanticus;84 ;1 831 ;;;94 ;107 ;1 475 ;
Gua_PORT_complet_182;gtggatctaaagcaccgccaagtcctttgggttttaagctggtgctcgtagtttccaggcgggcagcgggtgtggggtgctgccaatgtttaaggctag;Animalia;Chordata;Teleostei;Acanthuriformes;Ephippidae;Chaetodipterus;faber;Chaetodipterus faber;Chaetodipterus faber;12 ;;;;;;190 ;
Gua_PORT_complet_183;gtggatctaaagcaccgccaagtcctttgggttttaagctggtgctcgtagtttccaggcgggcagcgtgtgtggggtgctgccaatgtttaaggctag;Animalia;Chordata;Teleostei;Acanthuriformes;Ephippidae;Chaetodipterus;faber;Chaetodipterus faber;Chaetodipterus faber;20 ;;;;;;;
Gua_PORT_complet_186;ggggggtctgaagcaccgccaagtcctttgggtttcaagctaatgctcgtagtacccgggcgaatagataggtaaagttctatttatgtttagggctag;Animalia;Chordata;Teleostei;Eupercaria incertae sedis;Gerreidae;Diapterus;auratus;Diapterus auratus;Diapterus auratus;;;;;;;37 ;
Gua_PORT_complet_187;gggggtctgaagcaccgccaagtcctttgggtttcaagctaatgctcgtagtacccgggcgaatagtggggtgaggttctatttatgtttagggctag;Animalia;Chordata;Teleostei;Eupercaria incertae sedis;Gerreidae;Diapterus;rhombeus;Diapterus rhombeus;Diapterus rhombeus;369 ;9 315 ;;;;169 ;7 947 ;68 
Gua_PORT_complet_188;atgggtctaaagcaccgccaagtcctttgggtttcaagctaatgctcgtagtacccgggcggataaagtaaagtgtaattttatctgtatttagggctaa;Animalia;Chordata;Teleostei;Eupercaria incertae sedis;Gerreidae;;;Eucinostomus jonesii, Ulaema lefroyi;Gerreidae;40 ;;;;;;;
Gua_PORT_complet_189;atgggtctgaagcaccgccaagtcctttgggtttcaagctgatgctcgtagtacccgggcggataaagtaaaggtatagttttatctgtatttagggctaa;Animalia;Chordata;Teleostei;Eupercaria incertae sedis;Gerreidae;;;;Gerreidae;;;4 945 ;15 674 ;;;;
Gua_PORT_complet_192;ttgggtttgaagcaccgccaagtcctttgggttttaagctagcgctcgtagtaccctggcggataaagtcaaaggtgaggctttatctatatttagggctaa;Animalia;Chordata;Teleostei;Eupercaria incertae sedis;Gerreidae;Eucinostomus;argenteus;Eucinostomus argenteus;Eucinostomus argenteus;;1 038 ;;;23 ;;44 ;
Gua_PORT_complet_193;acgggtttgaagcaccgccaagtcctttgggtttgaagctagcgctcgtagtacccgggcggataagtcaaaggtaagaccttatctgtgtttagggctaa;Animalia;Chordata;Teleostei;Eupercaria incertae sedis;Gerreidae;Eucinostomus;gula;Eucinostomus gula;Eucinostomus gula;442 ;7 911 ;1 150 ;2 636 ;2 133 ;1 530 ;8 724 ;20 
Gua_PORT_complet_197;atgggtttgaagtaccgccaagtcctttgggtttcaagctaatgctcgtagtacccgggcggataaacaaatgtaggtggtttatctatgtttagggctaa;Animalia;Chordata;Teleostei;Eupercaria incertae sedis;Gerreidae;Eucinostomus;havana;Eucinostomus havana;Eucinostomus havana;;;;391 ;;;;
Gua_PORT_complet_198;atgggtctgaagtaccgccaagtcctttgggtttcaagctgatgctcgtagtacccgggcggataaaaataagtgaggttttatctgtgtttagggctaa;Animalia;Chordata;Teleostei;Eupercaria incertae sedis;Gerreidae;Eucinostomus;melanopterus;Eucinostomus melanopterus;Eucinostomus melanopterus;13 ;;;;;;;
Gua_PORT_complet_199;gggggtctgaagcaccgccaagtcctttgggtttcaagctaatgctcgtagtacccgggcgaatagtaaggtgacattctatttatgtttagggctag;Animalia;Chordata;Teleostei;Eupercaria incertae sedis;Gerreidae;Eugerres;;Eugerres plumieri, Eugerres brasilianus;Eugerres sp.;217 ;1 737 ;;;;;524 ;
Gua_PORT_complet_212;ttggagttgaagcaccgccaagtcctttgggttttaagctagcgctcgtagtacccgggcggataaaatataggtaaggttttatctgtatttagagctaa;Animalia;Chordata;Teleostei;Eupercaria incertae sedis;Gerreidae;Eucinostomus;jonesii;Eucinostomus jonesii;Eucinostomus jonesii;;753 ;2 025 ;1 812 ;57 ;47 ;11 ;
Gua_PORT_complet_218;atgggtctaaagcaccgccaagtcctttgggtttcaagctaatgctcgtagtacccgggcggatagaaaggtggtgttctatctatgtttagggctaa;Animalia;Chordata;Teleostei;Eupercaria incertae sedis;Gerreidae;Gerres;cinereus;Gerres cinereus;Gerres cinereus;118 ;5 187 ;3 457 ;4 905 ;840 ;362 ;2 144 ;42 
Gua_PORT_complet_223;gggggtctaaagcaccgccaaatcctttgggttttaagctcgcgctcgtagttccctggcgaatgctagtagtgtaagagcatttgtgtttaaggctag;Animalia;Chordata;Teleostei;Gobiiformes;Gobiidae;Bathygobius;curacao;Bathygobius curacao;Bathygobius curacao;;;2 457 ;3 518 ;62 ;;;
Gua_PORT_complet_224;gggggtctaaagcaccgccaagtcctttgggttttaagctggggctcgttgttccctggcgaataggaaagtacgggggtatctgtgtttagggctag;Animalia;Chordata;Teleostei;Gobiiformes;Gobiidae;Microgobius;;Microgobius signatus (distributed but 12S missing from Genbank and high interspecific variation in COI between reference sequences);Microgobius sp.;56 ;;;;;;;
Gua_PORT_complet_235;gtgggtctaaagcaccgccaagtcctttgggttttaagctggggctcgtagtttccgggcaagtgataggtgtgatgtactcacctgtgtttatggctag;Animalia;Chordata;Teleostei;Gobiiformes;Gobiidae;Ctenogobius;boleosoma;Ctenogobius boleosoma;Ctenogobius boleosoma;527 135 ;;;1 153 ;533 052 ;;;
Gua_PORT_complet_237;gtgggtctaaagcaccgccaagtcctttgggttttaagctggggctcgtagtttccgggcaagtgataggtgtgatgtattcacctgtgtttatggctag;Animalia;Chordata;Teleostei;Gobiiformes;Gobiidae;Ctenogobius;boleosoma;Ctenogobius boleosoma;Ctenogobius boleosoma;;14 108 ;;;;310 926 ;394 131 ;
Gua_PORT_complet_238;gtgggtctaaagcaccgccaagtcctttgggttttaagctggggctcgtagtttccgggcgagtaataggtgtgatgtatttacctgtgtttatggctag;Animalia;Chordata;Teleostei;Gobiiformes;Gobiidae;Ctenogobius;saepepallens;Ctenogobius saepepallens;Ctenogobius saepepallens;19 ;;;;;;265 ;13 
Gua_PORT_complet_241;gtggatgttaagcaccgccaagtcctttgggttttaaacttatgctcgtaattcccgggcggatctagggtgtagtaaataatcgatgtttagggctaa;Animalia;Chordata;Teleostei;Carangiformes;Istiophoridae;;;Tetrapturus pfluegeri, Makaira nigricans, Istiophorus albicans, Istiophorus platypterus, Kajikia albida;Istiophoridae;;;;98 ;;;2 051 ;23 
Gua_PORT_complet_243;gtgggtgtgaagcgccgccaagtcctttgggtttcaagctagtgctcgtagtacccaggcggatagaataagtagtttactatctaagtttaaggctag;Animalia;Chordata;Teleostei;Kurtiformes;;;;;Kurtiformes;;;;;;;124 ;
Gua_PORT_complet_247;gtggatctaaagcaccgccaagtcctttgggttttaagctaacgctcgtagttcccaggcggataaaataagtaggttattatctatgtttaaggctaa;Animalia;Chordata;Teleostei;Eupercaria incertae sedis;Labridae;Halichoeres;;Halichoeres bivittatus, Halichoeres cyanocephalus, Halichoeres garnoti, Halichoeres poeyi, Halichoeres radiatus;Halichoeres sp.;;;25 302 ;47 870 ;;;163 ;17 
Gua_PORT_complet_263;gtgggtttgaagcaccgccaagtcctttgggtttaaagctcgtgcttgtagtacccgggcggacagccaatgtattgggctgtcggtttacggctat;Animalia;Chordata;Teleostei;Eupercaria incertae sedis;Scaridae;Sparisoma;;Sparisoma chrysopterum, Sparisoma radians, Sparisoma rubripinne, Sparisoma viride;Sparisoma sp.;;;18 ;13 ;;;;
Gua_PORT_complet_265;gtgggtttgaagcaccgccaagtcctttgggttttaagctaacgctcgtagttcccaggcggataaaataagtaggttattatctatgtttaaggctaa;Animalia;Chordata;Teleostei;Eupercaria incertae sedis;Labridae;Halichoeres;;Halichoeres bivittatus, Halichoeres cyanocephalus, Halichoeres garnoti, Halichoeres poeyi, Halichoeres radiatus;Halichoeres sp.;;;189 ;295 ;;;;
Gua_PORT_complet_271;gtggatgtgaagcaccgccaagtcctttgggttttaagctgatgctcgtaattcccaggcggataatgattgtaacacactatcaatgtttacggctag;Animalia;Chordata;Teleostei;Eupercaria incertae sedis;Labridae;Lachnolaimus;maximus;Lachnolaimus maximus;Lachnolaimus maximus;12 ;359 ;;;;;393 ;
Gua_PORT_complet_272;ggggatataaagcaccgtcaagtcctttgggttttaagcttacgctcgtagttcccgggcgaacagcaaatgtaaaaagctgtcaggtttacggctat;Animalia;Chordata;Teleostei;Eupercaria incertae sedis;Scaridae;Scarus;;Scarus coelestinus, Scarus coeruleus, Scarus iseri, Scarus taeniopterus, Scarus vetula;Scarus sp.;;;555 ;1 810 ;;;73 ;
Gua_PORT_complet_278;ggggatgtaaagcaccgtcaagtcctttgggtttcaagctcgtgctcgtagtacccgggcggacagccaatgtaccgggctgtctgtttacggctat;Animalia;Chordata;Teleostei;Eupercaria incertae sedis;Scaridae;Sparisoma;rubripinne;Sparisoma rubripinne;Sparisoma rubripinne;75 ;274 ;22 214 ;25 830 ;;;600 ;20 
Gua_PORT_complet_279;ggggatgtaaagcaccgtcaagtcctttgggtttaaagctcgtgcttgtagtacccgggcggacagccaatgtattgggctgtcggtttacggctat;Animalia;Chordata;Teleostei;Eupercaria incertae sedis;Scaridae;Sparisoma;;Sparisoma chrysopterum, Sparisoma radians, Sparisoma rubripinne, Sparisoma viride;Sparisoma sp.;;177 ;15 094 ;10 120 ;;194 ;734 ;
Gua_PORT_complet_280;gtggatctaaagcaccgccaagtcctttgggttttaagctggtgctcgtaatccccgggcggacggtatatgtaatatacgtcaatgtttaaggctgg;Animalia;Chordata;Teleostei;Eupercaria incertae sedis;Haemulidae;Haemulon;;Haemulon album, Haemulon aurolineatum, Haemulon bonariense, Haemulon carbonarium, Haemulon flavolineatum, Haemulon macrostomum, Haemulon melanurum, Haemulon parra, Haemulon striatum, Haemulon vittatum, Haemulon album (distributed but 12S missing from Genbank and high interspecific variation in COI between reference sequences), Haemulon bonariense (distributed but 12S missing from Genbank and high interspecific variation in COI between reference sequences), Haemulon melanurum (distributed but 12S missing from Genbank and high interspecific variation in COI between reference sequences), Haemulon striatum (distributed but 12S missing from Genbank and high interspecific variation in COI between reference sequences), Haemulon vittatum (distributed but 12S missing from Genbank and high interspecific variation in COI between reference sequences);Haemulon sp.;;23 ;218 ;949 ;;;53 ;
Gua_PORT_complet_281;gtggatctaaagcaccgccaagtcctttgggttttaagctggtgcttgtaatccccgggcggacggcaaatgtagtagacgtcaatgtttaaggctgg;Animalia;Chordata;Teleostei;Eupercaria incertae sedis;Haemulidae;Haemulon;;Haemulon plumierii, Haemulon sciurus, Haemulon album (distributed but 12S missing from Genbank and high interspecific variation in COI between reference sequences), Haemulon bonariense (distributed but 12S missing from Genbank and high interspecific variation in COI between reference sequences), Haemulon melanurum (distributed but 12S missing from Genbank and high interspecific variation in COI between reference sequences), Haemulon striatum (distributed but 12S missing from Genbank and high interspecific variation in COI between reference sequences), Haemulon vittatum (distributed but 12S missing from Genbank and high interspecific variation in COI between reference sequences);Haemulon sp.;;;;511 ;26 ;;;
Gua_PORT_complet_282;gtggatctaaagcaccgccaagtcctttgggttttaagctggtgcttgtaatccccgggcggacggcatatgtaatatacgtcaatgtttaaggctgg;Animalia;Chordata;Teleostei;Eupercaria incertae sedis;Haemulidae;Haemulon;;Haemulon aurolineatum, Haemulon carbonarium, Haemulon macrostomum, Haemulon parra, Haemulon sciurus, Haemulon album (distributed but 12S missing from Genbank and high interspecific variation in COI between reference sequences), Haemulon bonariense (distributed but 12S missing from Genbank and high interspecific variation in COI between reference sequences), Haemulon melanurum (distributed but 12S missing from Genbank and high interspecific variation in COI between reference sequences), Haemulon striatum (distributed but 12S missing from Genbank and high interspecific variation in COI between reference sequences), Haemulon vittatum (distributed but 12S missing from Genbank and high interspecific variation in COI between reference sequences);Haemulon sp.;12 ;;;87 ;23 ;;;
Gua_PORT_complet_283;gtggatctaaagcaccgccaagtcctttgggttttaagctggtgcttgtaatccccgggcggacggtatatgtagtatacgtcaatgtttaaggctgg;Animalia;Chordata;Teleostei;Eupercaria incertae sedis;Haemulidae;Haemulon;;Haemulon aurolineatum, Haemulon carbonarium, Haemulon parra, Haemulon sciurus, Haemulon album (distributed but 12S missing from Genbank and high interspecific variation in COI between reference sequences), Haemulon bonariense (distributed but 12S missing from Genbank and high interspecific variation in COI between reference sequences), Haemulon melanurum (distributed but 12S missing from Genbank and high interspecific variation in COI between reference sequences), Haemulon striatum (distributed but 12S missing from Genbank and high interspecific variation in COI between reference sequences), Haemulon vittatum (distributed but 12S missing from Genbank and high interspecific variation in COI between reference sequences);Haemulon sp.;;217 ;;45 ;;;70 ;
Gua_PORT_complet_296;gtggatctaaagcaccgccaagtcctttgggtttcaagctaatgctcgtagtccccgggcggatagcgggtgtagttaactatcaatgtttatggctag;Animalia;Chordata;Teleostei;Eupercaria incertae sedis;Lutjanidae;Lutjanus;;Lutjanus analis, Lutjanus buccanella, Lutjanus vivanus, Lutjanus cyanopterus (distributed but 12S missing from Genbank and high interspecific variation in COI between reference sequences), Lutjanus purpureus (distributed but 12S missing from Genbank and high interspecific variation in COI between reference sequences);Lutjanus sp.;200 ;3 284 ;5 493 ;6 476 ;958 ;621 ;3 971 ;64 
Gua_PORT_complet_297;gtggatctaaagcaccgccaagtcctttgggtttcaagctgatgctcgtagtccccgggcggatagcgggtgtagttggctatcaatgtttatggctag;Animalia;Chordata;Teleostei;Eupercaria incertae sedis;Lutjanidae;Lutjanus;mahogoni;Lutjanus mahogoni;Lutjanus mahogoni;;;5 862 ;1 225 ;;;;
Gua_PORT_complet_298;gtggatctaaagcaccgccaagtcctttgggtttcaagctgatgctcgtagtccccgggcggatagtgggcgtagttaactatcaatgtttatggctag;Animalia;Chordata;Teleostei;Eupercaria incertae sedis;Lutjanidae;Ocyurus;chrysurus;Ocyurus chrysurus;Ocyurus chrysurus;504 ;4 623 ;15 775 ;33 642 ;909 ;366 ;3 267 ;31 
Gua_PORT_complet_299;gtggatctaaagcaccgccaagtcctttgggtttcaagctgatgctcgtagtccccgggcggatagtgggtgtagttagctatcaatgtttatggctag;Animalia;Chordata;Teleostei;Eupercaria incertae sedis;Lutjanidae;Lutjanus;;Lutjanus campechanus, Lutjanus purpureus (distributed but 12S missing from Genbank and high interspecific variation in COI between reference sequences);Lutjanus sp.;219 ;841 ;;;;;;
Gua_PORT_complet_302;gtgggtctaaagcaccgccaagtcctttgggttttaagctgatgctcgtagtccccgggcggatagtaggggtagtttactatcgatgtttatggctag;Animalia;Chordata;Teleostei;Eupercaria incertae sedis;Lutjanidae;Lutjanus;;Lutjanus apodus, Lutjanus griseus;Lutjanus sp.;;;;;;;;11 
Gua_PORT_complet_305;gtggatctaaagcaccgccaagtcctttgggttttaagctgatgctcgtagtccccgggcggatagtaggggtagtttactatcaatgtttatggctag;Animalia;Chordata;Teleostei;Eupercaria incertae sedis;Lutjanidae;Lutjanus;;Lutjanus apodus, Lutjanus griseus, Lutjanus jocu, Lutjanus cyanopterus (distributed but 12S missing from Genbank and high interspecific variation in COI between reference sequences), Lutjanus purpureus (distributed but 12S missing from Genbank and high interspecific variation in COI between reference sequences);Lutjanus sp.;97 ;;10 793 ;4 956 ;;;2 856 ;
Gua_PORT_complet_306;gtggatctaaagcaccgccaagtcctttgggttttaagctgatgctcgtagtccccgggcggatagtaggggtagtttactatcgatgtttatggctag;Animalia;Chordata;Teleostei;Eupercaria incertae sedis;Lutjanidae;Lutjanus;;Lutjanus apodus, Lutjanus griseus;Lutjanus sp.;167 ;9 705 ;;;1 273 ;768 ;1 804 ;
Gua_PORT_complet_307;gtggatctaaagcaccgccaagtcctttgggtttcaagctgatgctcgtagtccccgggcggatagtgggtgtagctaactatcaatgtttatggctag;Animalia;Chordata;Teleostei;Eupercaria incertae sedis;Lutjanidae;Lutjanus;synagris;Lutjanus synagris;Lutjanus synagris;417 ;8 286 ;;1 549 ;546 ;;5 065 ;14 
Gua_PORT_complet_308;gcggaccttaagcaccgccaagtcctttgggttttaagctagggctcgtagtacccgggcggatagtgagtgcggacagactatcaaagtttagggctgg;Animalia;Chordata;Teleostei;Mugiliformes;Mugilidae;Mugil;;Mugil rubrioculus, Mugil curema, Mugil curvidens (distributed but 12S missing from Genbank and high interspecific variation in COI between reference sequences);Mugil sp.;;;797 ;517 ;;;;
Gua_PORT_complet_310;acggatcttaagcaccgccaagtcctttgggttttaagctaaagctcgtagtacccgggcggatagtgggtgtggtaaaactatcaaagtttagggctga;Animalia;Chordata;Teleostei;Mugiliformes;Mugilidae;Mugil;;Mugil curema, Mugil trichodon, Mugil curvidens (distributed but 12S missing from Genbank and high interspecific variation in COI between reference sequences);Mugil sp.;50 ;768 ;5 281 ;6 252 ;;;621 ;
Gua_PORT_complet_312;atggatcttaagcaccgccaagtcctttgggttttaagctaaagctcgtagtacccgggcggatagtgggtatagttaaactatcaaagtttagggctgt;Animalia;Chordata;Teleostei;Mugiliformes;Mugilidae;Mugil;;Mugil curvidens (distributed but 12S missing from Genbank and high interspecific variation in COI between reference sequences);Mugil sp.;;;335 ;4 178 ;;;;
Gua_PORT_complet_318;gtgggtctaaagcgccgccaagtcctttgggttttaagctgccgctagtagttccctggcgagtaggggggtattactcacacctgcgtttacggctaa;Animalia;Chordata;Teleostei;Ophidiiformes;Carapidae;Carapus;bermudensis;Carapus bermudensis;Carapus bermudensis;;;;281 ;;;;
Gua_PORT_complet_319;gggggtctaaagcaccgccaagtcctttgggttttaagctggtgctcgtagtacccgggcgggtaaaatgtgtagagttataccaatgtttagggctag;Animalia;Chordata;Teleostei;Perciformes;Scorpaenidae;Pterois;volitans;Pterois volitans;Pterois volitans;;367 ;;;;;;
Gua_PORT_complet_320;gtgggtctaaagcaccgccaagtcctttgggttttaagctgttgctcgtagtccccgggcggatagtgggtgtaaaaaactatcaatgtttagggcaaa;Animalia;Chordata;Teleostei;Perciformes;Epinephelidae;Cephalopholis;fulva;Cephalopholis fulva;Cephalopholis fulva;11 ;;;;;;;
Gua_PORT_complet_321;gtgggtttgaagcaccgccaagtcctttgggttttaagctattgctcgtagtctccaggcggatagttattgtgttaagctatcaatgtttagggcaaa;Animalia;Chordata;Teleostei;Perciformes;Epinephelidae;Epinephelus;;Epinephelus adscensionis, Epinephelus morio;Epinephelus sp.;;;;12 ;;;;
Gua_PORT_complet_322;gtggatctaaagcaccgccaagtcctttgggttttaagctattgctcgtagtttccgggcggatagttgttgtataaagctatcaatgtttagggcgaa;Animalia;Chordata;Teleostei;Perciformes;Epinephelidae;Epinephelus;guttatus;Epinephelus guttatus;Epinephelus guttatus;12 ;152 ;;;;;;
Gua_PORT_complet_323;gtggatctaaagcaccgccaagtcctttgggttttaagctattgctcgtagtctccaggcggatagttattgtgttaagctatcaatgtttagggcaaa;Animalia;Chordata;Teleostei;Perciformes;Epinephelidae;Epinephelus;;Epinephelus adscensionis, Epinephelus morio, Epinephelus striatus;Epinephelus sp.;;528 ;;847 ;;;;
Gua_PORT_complet_324;gtggatctaaagcaccgccaagtcctttgggttttaagctgatgctcgtagttcccgggcggatagtgtgtgtagtgcactatcaatgtttagggcgaa;Animalia;Chordata;Teleostei;Perciformes;Grammistidae;Rypticus;;Rypticus bistrispinus, Rypticus randalli, Rypticus saponaceus, Rypticus subbifrenatus;Rypticus sp.;13 ;27 ;;;20 ;;26 ;
Gua_PORT_complet_325;gtggatgttaagcaccgccaagtcctttgggttttaaacttttgttcgtaattcccgggcggagtgtgttgtgtacttttgtgatcaatgtttacggctaa;Animalia;Chordata;Teleostei;Pleuronectiformes;Achiridae;Achirus;;Achirus declivis (distributed but 12S missing from Genbank and high interspecific variation in COI between reference sequences);Achirus sp.;;;930 ;1 290 ;;;;
Gua_PORT_complet_326;gtggatgtaaagcaccgccaagtcctttggtttttagactagtgtccgtaattcccaggcggatagaataagttaaattcgatcaatgtttagggctga;Animalia;Chordata;Teleostei;Pleuronectiformes;Bothidae;Bothus;lunatus;Bothus lunatus;Bothus lunatus;;;848 ;;;;;
Gua_PORT_complet_327;ggggatctaaagtaccgccaagtcctttgggtttcaagctgatgctcgtagtacccgggcggatagagggcgtataattctatcaatgtttacggctag;Animalia;Chordata;Teleostei;Scombriformes;Scombridae;Scomberomorus;;Scomberomorus brasiliensis, Scomberomorus maculatus;Scomberomorus sp.;;;;;;;247 ;
Gua_PORT_complet_328;ggggatctaaagtaccgccaagtcctttgggttttaagctaatgctcgtagtacccaggcggatagagggtgtatagttctatcaatgtttacggctag;Animalia;Chordata;Teleostei;Scombriformes;Scombridae;Scomberomorus;cavalla;Scomberomorus cavalla;Scomberomorus cavalla;;;;;;;111 ;
Gua_PORT_complet_331;ggggatctaaagtaccgccaagtcctttgggtttcaagctaatgctcgtagtacccaggcggatagagggtgtaaaattctatcaatgtttacggctag;Animalia;Chordata;Teleostei;Scombriformes;Scombridae;;;Thunnus alalunga, Thunnus albacares, Thunnus atlanticus, Thunnus obesus, Thunnus thynnus, Auxis thazard, Auxis rochei, Sarda sarda, Katsuwonus pelamis, Euthynnus alletteratus, Acanthocybium solandri;Scombridae;;;;;;;12 443 ;72 
Gua_PORT_complet_338;gtgggtctaaagcaccgccaagtcctttgggttttaagctaacgctcgtagttcccaggcggacagaaaatgtagtatactgtcaatgtttatggctaa;Animalia;Chordata;Teleostei;Eupercaria incertae sedis;Sparidae;Calamus;penna;Calamus penna;Calamus penna;50 ;230 ;4 600 ;8 115 ;118 ;;;
Gua_PORT_complet_346;gtgggtctaaagcaccgccaagtcctttgggttttaagctaatgctcgtagttcccgggcggacaggaaatgtagtaaactgtcaatgtttatggctaa;Animalia;Chordata;Teleostei;Eupercaria incertae sedis;Sparidae;Archosargus;rhomboidalis;Archosargus rhomboidalis;Archosargus rhomboidalis;1 341 ;26 903 ;25 498 ;45 838 ;15 106 ;9 901 ;22 068 ;141 
Gua_PORT_complet_350;gtgggtctaaagcaccgtcaagtcctttgggttttaagctaacgctcgtagttcccaggcggacagaaaacgtagtgtactgtcaatgtttacggctaa;Animalia;Chordata;Teleostei;Eupercaria incertae sedis;Sparidae;;;Calamus bajonado (distributed but 12S missing from Genbank and high interspecific variation in COI between reference sequences), Calamus pennatula (distributed but 12S missing from Genbank and high interspecific variation in COI between reference sequences);Sparidae;25 ;;1 719 ;4 016 ;;;51 ;
Gua_PORT_complet_355;ttgggtctaaagcaccgccaagtcctttgggttttaagcttgcgctcgtagtatccgggcggatgggttgagtgtgaggtcccatcattgtttatagctaa;Animalia;Chordata;Teleostei;Syngnathiformes;Aulostomidae;Aulostomus;maculatus;Aulostomus maculatus;Aulostomus maculatus;;;;456 ;;;;
Gua_PORT_complet_356;gggggtctaaagcaccgccaagtcctttgggttttaagcttacgctcgtagtacccgggcggataatttatgtggtaaattatcggggtttatggccag;Animalia;Chordata;Teleostei;Callionymiformes;Callionymidae;;;Callionymidae;Callionymidae;263 ;2 456 ;5 718 ;;53 ;139 ;367 ;
Gua_PORT_complet_359;gggggtctaaagcaccgccaagtccttcgggttttaagctagcgctcgtagtacccaggcggataatgcgtgtaatatcttatcaatgtttacggccag;Animalia;Chordata;Teleostei;Mulliformes;Mullidae;Pseudupeneus;maculatus;Pseudupeneus maculatus;Pseudupeneus maculatus;;;29 ;65 ;;;;
Gua_PORT_complet_360;gtgggtctaaagcaccgccaagtcctttgggtttcaagctagtgcttgtagttccctggcggattgcgagtaaattgctatcagtgtttacggttat;Animalia;Chordata;Teleostei;Syngnathiformes;Syngnathidae;Syngnathus;;Syngnathus floridae, Syngnathus louisianae, Syngnathus pelagicus, Syngnathus caribbaeus (distributed but 12S missing from Genbank and high interspecific variation in COI between reference sequences);Syngnathus sp.;;;;;28 ;;;
Gua_PORT_complet_361;gtggatctaaagcaccgccaagtcctttgggttttaagctaatgctcgtagttccctggcggatggctttggtaatggaccatcaatgtttagggctag;Animalia;Chordata;Teleostei;Tetraodontiformes;Balistidae;Canthidermis;maculata;Canthidermis maculata;Canthidermis maculata;;272 ;;;;;359 ;
Gua_PORT_complet_362;gtgggtctaaagcaccgccaagtcctttgggttttaagctggtgctcgtagttcccgggcggacagttggtgaatttactgtcgatgtttagggctag;Animalia;Chordata;Teleostei;Tetraodontiformes;Diodontidae;;;Diodon holocanthus, Diodon hystrix, Chilomycterus schoepfii, Chilomycterus antillarum (distributed but 12S missing from Genbank and high interspecific variation in COI between reference sequences);Diodontidae;;546 ;14 874 ;13 673 ;;;552 ;11 
Gua_PORT_complet_368;gtgggtttgaagcaccgccaagtcctttgggttttaagctggtgctcgtagttcccgggcggacagttggtgaatttactgtcgatgtttagggctag;Animalia;Chordata;Teleostei;Tetraodontiformes;Diodontidae;;;Diodon hystrix, Chilomycterus antillarum (distributed but 12S missing from Genbank and high interspecific variation in COI between reference sequences);Diodontidae;;;220 ;131 ;;;;
Gua_PORT_complet_371;gtggatctaaagcaccgccaagtcctttgggttttaagcttatgctcgtagttcccaggcggataggtgtgtagttgtctatcattgtttagggctag;Animalia;Chordata;Teleostei;Tetraodontiformes;Monacanthidae;Monacanthus;;Monacanthus tuckeri, Monacanthus ciliatus;Monacanthus sp.;;;;856 ;;;;
Gua_PORT_complet_372;gtggatctaaagcaccgccaagtcctttgggttttaagcttatgctcgtagttcccgggcggataggtgtgtagttgtctatcattgtttagggctag;Animalia;Chordata;Teleostei;Tetraodontiformes;Monacanthidae;Monacanthus;;Monacanthus tuckeri, Monacanthus ciliatus;Monacanthus sp.;;;8 404 ;1 414 ;;;;
Gua_PORT_complet_373;gtggttttaaagcaccgccaagtcctttgggttttaagctaatgctcgtagtacccgggcggatgtggagtgtataagggcatctttgtttagggctag;Animalia;Chordata;Teleostei;Tetraodontiformes;Tetraodontidae;Canthigaster;rostrata;Canthigaster rostrata;Canthigaster rostrata;;;809 ;;;;119 ;
Gua_PORT_complet_374;atggttttaaagcaccgccaagtcctttgggttttaagctaatgctcgtagtacccgggcggatggtgggtgtagatagatatcattgtttagggctaa;Animalia;Chordata;Teleostei;Tetraodontiformes;Tetraodontidae;Sphoeroides;;Sphoeroides spengleri, Sphoeroides georgemilleri (distributed but 12S missing from Genbank and high interspecific variation in COI between reference sequences);Sphoeroides sp.;;;;1 256 ;;;;
Gua_PORT_complet_375;atggttttaaagcaccgccaagtcctttgggttttaagctaatgctcgtagtacccgggcggatagtgagtgtaggtaaatatcattgtttagggctaa;Animalia;Chordata;Teleostei;Tetraodontiformes;Tetraodontidae;Sphoeroides;;Sphoeroides testudineus, Sphoeroides georgemilleri (distributed but 12S missing from Genbank and high interspecific variation in COI between reference sequences), Sphoeroides greeleyi (distributed but 12S missing from Genbank and high interspecific variation in COI between reference sequences);Sphoeroides sp.;;;;;;;49 ;
Gua_PORT_complet_377;atggttttaaagcaccgccaagtcctttgggttttaagctaatgctcgtagtaccctggcggatggtggggtaagtaaatatcgttgtttagggctaa;Animalia;Chordata;Teleostei;Tetraodontiformes;Tetraodontidae;Sphoeroides;;Sphoeroides georgemilleri (distributed but 12S missing from Genbank and high interspecific variation in COI between reference sequences), Sphoeroides greeleyi (distributed but 12S missing from Genbank and high interspecific variation in COI between reference sequences);Sphoeroides sp.;68 ;171 ;5 440 ;7 688 ;;;38 ;
Gua_PORT_complet_384;gtggatgtaaagcaccgccaagtcctttgggttttaagctaatgctcgtagtaccctggcggatagtgggtgtaatgatctatcaaagtttagggctgg;Animalia;Chordata;Teleostei;Ovalentaria incertae sedis;Pomacentridae;Abudefduf;saxatilis;Abudefduf saxatilis;Abudefduf saxatilis;229 ;6 367 ;18 370 ;11 789 ;;;1 069 ;
Gua_PORT_complet_389;gtggatctaaagcaccgccaagtcctttgggttttaagctggtgctcgtagtacccgggcggatagtgggtgtaatggtctatcaatgtttacggctga;Animalia;Chordata;Teleostei;Ovalentaria incertae sedis;Pomacentridae;Microspathodon;chrysurus;Microspathodon chrysurus;Microspathodon chrysurus;;;;;;;516 ;
Gua_PORT_complet_391;gtggatctaaagcaccgccaagtcctttgagttttaagctagtgctcgtaatacccgggcggataggggttgtagtggactatcgaagtttagggctga;Animalia;Chordata;Teleostei;Ovalentaria incertae sedis;Pomacentridae;Stegastes;;Stegastes adustus, Stegastes diencaeus, Stegastes fuscus, Stegastes otophorus (distributed but 12S missing from Genbank and high interspecific variation in COI between reference sequences), Stegastes punctatus (distributed but 12S missing from Genbank and high interspecific variation in COI between reference sequences);Stegastes sp.;;122 ;31 ;2 397 ;;;101 ;
Gua_PORT_complet_400;aaggatctaaagcaccgccaagtcctttgggttttaagccagatgctcgtaatacccaggcggataggggttgtagtggactatcaaagtttaaggatga;Animalia;Chordata;Teleostei;Ovalentaria incertae sedis;Pomacentridae;Stegastes;;Stegastes adustus, Stegastes diencaeus, Stegastes fuscus, Stegastes otophorus (distributed but 12S missing from Genbank and high interspecific variation in COI between reference sequences), Stegastes punctatus (distributed but 12S missing from Genbank and high interspecific variation in COI between reference sequences);Stegastes sp.;;;11 626 ;11 025 ;;;586 ;33 
Gua_PORT_complet_401;gtggatctaaagcaccgccaagtcctttgggttttaagctggtgctcgtaatatcctggcggataggggttgtagtggcctatcaaagtttagggctga;Animalia;Chordata;Teleostei;Ovalentaria incertae sedis;Pomacentridae;Stegastes;planifrons;Stegastes planifrons;Stegastes planifrons;;;1 203 ;;;;;
Gua_PORT_complet_402;gtggatctaaagcaccgccaagtcctttgggttttaagctggtgctcgtagtacccgggcgggcaacaggtgtatgttgttgtcagtgtttaaggctaa;Animalia;Chordata;Teleostei;Eupercaria incertae sedis;Sciaenidae;Stellifer;;Stellifer cervigoni (distributed but 12S missing from Genbank and high interspecific variation in COI between reference sequences);Stellifer sp.;;;;2 039 ;;;75 ;
Gua_PORT_complet_403;gtgggtctaaagcaccgccaagtcctttgggttttaagctggtgctcgtagttcccaggcggacaacaggtgtatgttgttgtcaatgtttagggctag;Animalia;Chordata;Teleostei;Eupercaria incertae sedis;Sciaenidae;Micropogonias;;Micropogonias furnieri, Micropogonias undulatus;Micropogonias sp.;;;;;;;545 ;
Gua_PORT_complet_404;gtgggtctaaggcaccgccaagtcctttgggttttaagctggtgctcgtagttcccaggcggacaacaggtgtacattgttgtcaatgtttagggctag;Animalia;Chordata;Teleostei;Eupercaria incertae sedis;Sciaenidae;Micropogonias;;Micropogonias furnieri, Micropogonias undulatus;Micropogonias sp.;;;;;;;199 ;
Gua_PORT_complet_405;gtggatgtaaagcaccgccaagtcctttgggtttcagactagtgttcgtaattcccaggcggatcggggttgtggtagacgatcgatgtttaggactga;Animalia;Chordata;Teleostei;Carangaria incertae sedis;Sphyraenidae;Sphyraena;barracuda;Sphyraena barracuda;Spyhraena barracuda;64 ;740 ;181 ;2 880 ;132 ;377 ;1 569 ;
Gua_PORT_complet_407;gtggatgtaaagcaccgccaagtcctttgggtttcagactggtgttcgtaattcccgggcggattgagggtgtggtattacaatcaatgtttagggctga;Animalia;Chordata;Teleostei;Carangaria incertae sedis;Sphyraenidae;Sphyraena;;Sphyraena guachancho, Sphyraena borealis;Sphyraena sp.;40 ;;;;;;;
Gua_PORT_complet_408;gggggtctgaagcaccgccaagtcctttgggttttaagcttttgcttgtagttcccgggcgagcagcaggtgtggggttgcttgcttgtgtttacgtctag;Animalia;Chordata;Teleostei;Gobiiformes;Eleotridae;Erotelis;smaragdus;Erotelis smaragdus;Erotelis smaragdus;;;;;;346 ;79 ;
Gua_PORT_complet_409;gtggatctaaagcaccgccaagtcctttgggttttaagctaatgctcgtagtccccgggcgagtagcaggtgtaaggatgctacttgtgtttagggctag;Animalia;Chordata;Teleostei;Gobiiformes;Eleotridae;Dormitator;maculatus;Dormitator maculatus;Dormitator maculatus;198 ;1 225 ;;;;;;
Gua_PORT_complet_410;gtggatctaaagcaccgccaagtcctttgggttttaagcttatgctcgtagtccccgggcgagtagcaggtgtaaggttgctacttgtgtttagggctag;Animalia;Chordata;Teleostei;Gobiiformes;Eleotridae;Dormitator;maculatus;Dormitator maculatus;Dormitator maculatus;;;;;37 ;;;
Gua_PORT_complet_411;gtgggtttagggcaccgccaagtccttagagttttaagcgtttgtgctcgtagttctctggcggatacttcggtaggataagtatcaagatttagggccag;Animalia;Chordata;Aves;Anseriformes;Anatidae;Cairina;moschata;Cairina moschata;Cairina moschata;;;;;;;81 ;
Gua_PORT_complet_412;gtgggtttggagcaccgccaagtccttagagttttaagcgtttgtgctcgtagttctcaggcgaatactttggtggggaaaagtatttagatttagggccaa;Animalia;Chordata;Aves;Gruiformes;Rallidae;Gallinula;chloropus;Gallinula chloropus;Gallinula chloropus;;785 ;;;;;;
;;;;;;;;;;;;;;;;;;