seq_id;dna_sequence;kingdom;phylum;class;order;family;genus;specificEpithet;identificationRemarks;TAXON;scientificName;HC;CM;HM;SM
Gua_PORT_complet_411;gtgggtttagggcaccgccaagtccttagagttttaagcgtttgtgctcgtagttctctggcggatacttcggtaggataagtatcaagatttagggccag;Animalia;Chordata;Aves;Anseriformes;Anatidae;Cairina;moschata;Cairina moschata;Cairina moschata;Cairina moschata;0;0;0;1
Gua_PORT_complet_412;gtgggtttggagcaccgccaagtccttagagttttaagcgtttgtgctcgtagttctcaggcgaatactttggtggggaaaagtatttagatttagggccaa;Animalia;Chordata;Aves;Gruiformes;Rallidae;Gallinula;chloropus;Gallinula chloropus;Gallinula chloropus;Gallinula chloropus;1;0;0;0
Gua_PORT_complet_9;gtgggtctaaagcaccgccaagtcctttgggttttaagctgatgctcgtagttcccgggcggatgataattgtaaaataccatcaatgtttaaggctag;Animalia;Chordata;Teleostei;Acanthuriformes;Acanthuridae;Acanthurus;chirurgus;Acanthurus chirurgus;Acanthurus chirurgus;Acanthurus chirurgus;1;1;0;1
Gua_PORT_complet_10;gtgggtctaaagcaccgccaagtcctttgggttttaagctggtgctcgtagttcccaggcggatgacagttgtaaattatcatcaatgtttaaggctag;Animalia;Chordata;Teleostei;Acanthuriformes;Acanthuridae;Acanthurus;coeruleus;Acanthurus coeruleus;Acanthurus coeruleus;Acanthurus coeruleus;1;0;0;0
Gua_PORT_complet_8;gtgggtctaaagcaccgccaagtcctttgggttttaagctgatgctcgtagttcccaggcggatgataattgtaaaacatcatcaatgtttaaggctag;Animalia;Chordata;Teleostei;Acanthuriformes;Acanthuridae;Acanthurus;tractus;Acanthurus tractus;Acanthurus tractus;Acanthurus tractus;0;1;0;0
Gua_PORT_complet_143;gtgggtctaaagcaccgccaagtcctttgggttttaagctggtgctcgtagttcccaggcggacagtgggtgtaattaactgtcaatgtttagggctag;Animalia;Chordata;Teleostei;Acanthuriformes;Chaerodontidae;Chaetodon;;Chaetodon capistratus, Chaetodon sedentarius, Chaetodon striatus;Chaetodon sp.;Chaetodon sp.;0;1;0;1
Gua_PORT_complet_182;gtggatctaaagcaccgccaagtcctttgggttttaagctggtgctcgtagtttccaggcgggcagcgggtgtggggtgctgccaatgtttaaggctag;Animalia;Chordata;Teleostei;Acanthuriformes;Ephippidae;Chaetodipterus;faber;Chaetodipterus faber;Chaetodipterus faber;Chaetodipterus faber;1;0;0;1
Gua_PORT_complet_183;gtggatctaaagcaccgccaagtcctttgggttttaagctggtgctcgtagtttccaggcgggcagcgtgtgtggggtgctgccaatgtttaaggctag;Animalia;Chordata;Teleostei;Acanthuriformes;Ephippidae;Chaetodipterus;faber;Chaetodipterus faber;Chaetodipterus faber;Chaetodipterus faber;1;0;0;0
Gua_PORT_complet_11;ggggatctaaggtgtcgccaagtcctttgggttttaagctagcgcttgtagtcccctggcggataatatctgtaccatattatcaaagtttagggctaa;Animalia;Chordata;Teleostei;Albuliformes;Albulidae;Albula;vulpes;Albula vulpes;Albula vulpes;Albula vulpes;1;1;1;1
Gua_PORT_complet_15;gtggttttgaggcaccgccaagtcctttgggttttaagctggggctcgtagttccctggcgggcggggtttgtgggtcagaccgccttggtttaaggctaa;Animalia;Chordata;Teleostei;Anguilliformes;Muraenidae;;;Echidna catenata (distributed but 12S missing from Genbank and high interspecific variation in COI between reference sequences), Gymnothorax conspersus (distributed but 12S missing from Genbank and high interspecific variation in COI between reference sequences), Gymnothorax hubbsi (distributed but 12S missing from Genbank and high interspecific variation in COI between reference sequences), Gymnothorax ocellatus (distributed but 12S missing from Genbank and high interspecific variation in COI between reference sequences);Muraenidae;Muraenidae;0;1;0;0
Gua_PORT_complet_12;gtgggtttgaggcaccgccaagtcccttgggttttaagctagggctcgtagttccctggcgggcgagttttgtactattaatcgccttggtttaaggctaa;Animalia;Chordata;Teleostei;Anguilliformes;Muraenidae;Gymnothorax;;Gymnothorax moringa, Gymnothorax conspersus (distributed but 12S missing from Genbank and high interspecific variation in COI between reference sequences), Gymnothorax hubbsi (distributed but 12S missing from Genbank and high interspecific variation in COI between reference sequences);Gymnothorax sp._1;Gymnothorax sp.;0;1;0;1
Gua_PORT_complet_13;gtgggtttgaggcaccgccaagtcccttgggttttaagctagggctcgtagttccctggcgggcgagttttgtgttgttaatcgccttggtttaaggctaa;Animalia;Chordata;Teleostei;Anguilliformes;Muraenidae;Gymnothorax;;Gymnothorax vicinus, Gymnothorax conspersus (distributed but 12S missing from Genbank and high interspecific variation in COI between reference sequences), Gymnothorax hubbsi (distributed but 12S missing from Genbank and high interspecific variation in COI between reference sequences);Gymnothorax sp._2;Gymnothorax sp.;0;1;0;0
Gua_PORT_complet_17;gtgggtttgaggcaccgccaagtcctttgggttttaagctggcgctcgtagtcccctggcggacgggttttgtactttcccgtcatcgtttacagttag;Animalia;Chordata;Teleostei;Anguilliformes;Ophichthidae;Myrophis;;Myrophis punctatus, Myrophis plumbeus (distributed but 12S missing from Genbank and high interspecific variation in COI between reference sequences);Myrophis sp.;Myrophis sp.;1;0;0;1
Gua_PORT_complet_19;ggggatctaaagcaccgccaagtcctttgggttttaagctagtgctcgtagttcccgggcggatagggggtgtaattatcctatcaaagtttagggctgg;Animalia;Chordata;Teleostei;Atheriniformes;Atherinidae;Atherinomorus;stipes;Atherinomorus stipes;Atherinomorus stipes;Atherinomorus stipes;1;1;1;1
Gua_PORT_complet_21;gggggtctgaagcaccgccaagtcctttgggttttaagcttatgctcgtagttccctggcggataaatattataattagttatctaagtttacggctta;Animalia;Chordata;Teleostei;Aulopiformes;Synodontidae;Synodus;foetens;Synodus foetens;Synodus foetens;Synodus foetens;0;0;0;1
Gua_PORT_complet_26;gtgggtctaaagcaccgccaagtcctttggattttaagctagagctcgtagtaccctggcggatagtgggtgtaatgtttctatcaaagtttagggctgt;Animalia;Chordata;Teleostei;Beloniformes;Belonidae;;;Tylosurus acus, Tylosurus crocodilus, Ablennes hians;Belonidae_1;Belonidae;1;0;1;0
Gua_PORT_complet_30;gtgggtctaaagcaccgccaagtcctttggattttaagctagagctcgtagtaccctggcggatagtggatgtaatgtttctatcaaagtttagggctgt;Animalia;Chordata;Teleostei;Beloniformes;Belonidae;;;Tylosurus acus, Tylosurus crocodilus, Ablennes hians;Belonidae_2;Belonidae;1;1;1;1
Gua_PORT_complet_22;gtgggtctaaagcaccgccaagtcctttggattttaagctgaagctcgtagtaccctggcggatagttgtgtagtattctatcaaagtttagggctgt;Animalia;Chordata;Teleostei;Beloniformes;Belonidae;Strongylura;;Strongylura timucu, Strongylura forsythia (distributed but 12S missing from Genbank and high interspecific variation in COI between reference sequences);Strongylura sp.;Strongylura sp.;1;0;0;1
Gua_PORT_complet_44;gtggatctaaagcaccgccaagtcctttgggttttaagctagcgctcgtagtaccctggcggataatatatgtaaaattttatctaggtttatggctga;Animalia;Chordata;Teleostei;Beloniformes;Hemiramphidae;;;Hemiramphus balao, Hemiramphus brasiliensis, Hyporhamphus collettei (distributed but 12S missing from Genbank and high interspecific variation in COI between reference sequences), Hyporhamphus roberti (distributed but 12S missing from Genbank and high interspecific variation in COI between reference sequences), Oxyporhamphus micropterus, Oxyporhamphus similis (distributed but 12S missing from Genbank and high interspecific variation in COI between reference sequences);Hemiramphidae_1;Hemiramphidae;1;1;0;0
Gua_PORT_complet_49;gtgggtctaaagcaccgccaagtcctttgggttttaagctagcgctcgtagtaccctggcggataatatatgtaaaattttatctaggtttatggctga;Animalia;Chordata;Teleostei;Beloniformes;Hemiramphidae;;;Hemiramphus balao, Hemiramphus brasiliensis, Hyporhamphus collettei (distributed but 12S missing from Genbank and high interspecific variation in COI between reference sequences), Hyporhamphus roberti (distributed but 12S missing from Genbank and high interspecific variation in COI between reference sequences), Oxyporhamphus micropterus, Oxyporhamphus similis (distributed but 12S missing from Genbank and high interspecific variation in COI between reference sequences);Hemiramphidae_2;Hemiramphidae;0;1;1;1
Gua_PORT_complet_63;gtgggtttgaagcaccgccaagtcctttgggttttaagctagcgctcgtagtaccctggcggataatatatgtaaaattttatctaggtttatggctga;Animalia;Chordata;Teleostei;Beloniformes;Hemiramphidae;;;Hemiramphus balao, Hemiramphus brasiliensis, Hyporhamphus collettei (distributed but 12S missing from Genbank and high interspecific variation in COI between reference sequences), Hyporhamphus roberti (distributed but 12S missing from Genbank and high interspecific variation in COI between reference sequences), Oxyporhamphus micropterus, Oxyporhamphus similis (distributed but 12S missing from Genbank and high interspecific variation in COI between reference sequences);Hemiramphidae_3;Hemiramphidae;1;1;1;1
Gua_PORT_complet_66;gtgggtctaaagcaccgccaagtcctttgggttttaagctagcgctcgtagtcccctggcggatagtgggtgtagaagtctatcaaagtttacggctga;Animalia;Chordata;Teleostei;Beloniformes;Hemiramphidae;Hyporhamphus;;Hyporhamphus unifasciatus, Hyporhamphus collettei (distributed but 12S missing from Genbank and high interspecific variation in COI between reference sequences), Hyporhamphus roberti (distributed but 12S missing from Genbank and high interspecific variation in COI between reference sequences);Hyporhamphus sp.;Hyporhamphus sp.;0;1;0;1
Gua_PORT_complet_74;gggggtcttaagcaccgccaagtcctttgggtttcaagctagtgctcgtagtaccctggcgggcagagattgtagtaagctgccaaagtttatggctgt;Animalia;Chordata;Teleostei;Blenniiformes;;;;Brockius nigricinctus (distributed but 12S missing from Genbank and high interspecific variation in COI between reference sequences), Gobioclinus bucciferus (distributed but 12S missing from Genbank and high interspecific variation in COI between reference sequences), Gobioclinus gobio (distributed but 12S missing from Genbank and high interspecific variation in COI between reference sequences), Gobioclinus guppyi (distributed but 12S missing from Genbank and high interspecific variation in COI between reference sequences), Gobioclinus haitiensis (distributed but 12S missing from Genbank and high interspecific variation in COI between reference sequences);Blenniiformes_1;Blenniiformes;0;1;1;1
Gua_PORT_complet_84;gggggtcttaagcaccgccaagtcctttgggtttcaagctagtgctcgtagttccctggcgggcagaaattgtagtaaactgccgaagtttatggctgt;Animalia;Chordata;Teleostei;Blenniiformes;;;;Brockius nigricinctus (distributed but 12S missing from Genbank and high interspecific variation in COI between reference sequences), Gobioclinus bucciferus (distributed but 12S missing from Genbank and high interspecific variation in COI between reference sequences), Gobioclinus gobio (distributed but 12S missing from Genbank and high interspecific variation in COI between reference sequences), G. guppyi (distributed but 12S missing from Genbank and high interspecific variation in COI between reference sequences), G. haitiensis (distributed but 12S missing from Genbank and high interspecific variation in COI between reference sequences);Blenniiformes_2;Blenniiformes;0;0;0;1
Gua_PORT_complet_114;gtggatcttaagcaccgccaagtcctttgggttttaagctggtgctcgtagtaccctggcgggcagcatatgtatcaggctgccaaagtttaaggctgt;Animalia;Chordata;Teleostei;Blenniiformes;;;;Malacoctenus aurolineatus (distributed but 12S missing from Genbank and high interspecific variation in COI between reference sequences), Malacoctenus boehlkei (distributed but 12S missing from Genbank and high interspecific variation in COI between reference sequences), Malacoctenus delalandii (distributed but 12S missing from Genbank and high interspecific variation in COI between reference sequences), Malacoctenus erdmani (distributed but 12S missing from Genbank and high interspecific variation in COI between reference sequences), Malacoctenus gilli (distributed but 12S missing from Genbank and high interspecific variation in COI between reference sequences), Malacoctenus versicolor (distributed but 12S missing from Genbank and high interspecific variation in COI between reference sequences), Paraclinus barbatus (distributed but 12S missing from Genbank and high interspecific variation in COI between reference sequences), Paraclinus cingulatus (distributed but 12S missing from Genbank and high interspecific variation in COI between reference sequences), Paraclinus grandicomis (distributed but 12S missing from Genbank and high interspecific variation in COI between reference sequences), Paraclinus infrons (distributed but 12S missing from Genbank and high interspecific variation in COI between reference sequences), Paraclinus naeorhegmis (distributed but 12S missing from Genbank and high interspecific variation in COI between reference sequences), Emblemaria pandionis (distributed but 12S missing from Genbank and high interspecific variation in COI between reference sequences);Blenniiformes_3;Blenniiformes;0;1;0;1
Gua_PORT_complet_70;ggggttattaagcaccgccaagtcctttgggttttaagctagtgctcgtagtacccgggcggataatgagtgtaataatattatctaagtttaaggctaa;Animalia;Chordata;Teleostei;Blenniiformes;Blenniidae;Hypleurochilus;;Hypleurochilus springeri, Hypleurochilus bermudensis (distributed but 12S missing from Genbank and high interspecific variation in COI between reference sequences), Hypleurochilus caudovittatus (distributed but 12S missing from Genbank and high interspecific variation in COI between reference sequences), Hypleurochilus pseudoaequipinnis (distributed but 12S missing from Genbank and high interspecific variation in COI between reference sequences);Hypleurochilus sp._1;Hypleurochilus sp.;0;0;0;1
Gua_PORT_complet_71;ggggttattaagcaccgccaagtcctttgggttttaagctagtgctcgtagtacccgggcggataatgggtgtaataatattatctaagtttaaggctaa;Animalia;Chordata;Teleostei;Blenniiformes;Blenniidae;Hypleurochilus;;Hypleurochilus springeri, Hypleurochilus bermudensis (distributed but 12S missing from Genbank and high interspecific variation in COI between reference sequences), Hypleurochilus caudovittatus (distributed but 12S missing from Genbank and high interspecific variation in COI between reference sequences), Hypleurochilus pseudoaequipinnis (distributed but 12S missing from Genbank and high interspecific variation in COI between reference sequences);Hypleurochilus sp._2;Hypleurochilus sp.;0;0;0;1
Gua_PORT_complet_72;gggggtgttaagcaccgccaagtcctttgggttttaagctagtgctcgtagttcccgggcggataatgttagtaatattattatctgagtttaggggtaa;Animalia;Chordata;Teleostei;Blenniiformes;Blenniidae;Scartella;cristata;Scartella cristata;Scartella cristata;Scartella cristata;0;1;0;0
Gua_PORT_complet_78;ggggatcttaagcaccgccaagtcctttgggttttaagctcgtgcttgtagtaccctggcgggcagcaagtgtactgtgctgccaaagtttatggctgt;Animalia;Chordata;Teleostei;Blenniiformes;Chaenopsidae;Stathmonotus;;Stathmonotus stahli, Stathmonotus tekla (distributed but 12S missing from Genbank and high interspecific variation in COI between reference sequences);Stathmonotus sp.;Stathmonotus sp.;0;1;0;1
Gua_PORT_complet_77;ggggatcttaagcaccgccaagtcctttgggttttaagctagtgctcgtagtacccgggcgggcagtgtgtaatatcgtctgccaaagtttagggctat;Animalia;Chordata;Teleostei;Blenniiformes;Labrisomidae;;;Labrisomus conditus (distributed but 12S missing from Genbank and high interspecific variation in COI between reference sequences), Labrisomus cricota (distributed but 12S missing from Genbank and high interspecific variation in COI between reference sequences);Labrisomidae_1;Labrisomidae;0;1;0;1
Gua_PORT_complet_103;gtggttctaaggcaccgccaagtcctttgggtttcaagctgatgctcgtagtacccgggcgggcagcatatgtagggggctgccaaagtttatggctgt;Animalia;Chordata;Teleostei;Blenniiformes;Labrisomidae;;;Malacoctenus aurolineatus (distributed but 12S missing from Genbank and high interspecific variation in COI between reference sequences), Malacoctenus boehlkei (distributed but 12S missing from Genbank and high interspecific variation in COI between reference sequences), Malacoctenus delalandii (distributed but 12S missing from Genbank and high interspecific variation in COI between reference sequences), Malacoctenus erdmani (distributed but 12S missing from Genbank and high interspecific variation in COI between reference sequences), Malacoctenus gilli (distributed but 12S missing from Genbank and high interspecific variation in COI between reference sequences), Malacoctenus versicolor (distributed but 12S missing from Genbank and high interspecific variation in COI between reference sequences);Labrisomidae_2;Labrisomidae;0;1;0;1
Gua_PORT_complet_104;gtggttctaaggcaccgccaagtcctttgggtttcaagctgatgctcgtagtacccgggcgggcagcatatgtagggggctgccgaagtttatggctgt;Animalia;Chordata;Teleostei;Blenniiformes;Labrisomidae;;;Malacoctenus aurolineatus (distributed but 12S missing from Genbank and high interspecific variation in COI between reference sequences), Malacoctenus boehlkei (distributed but 12S missing from Genbank and high interspecific variation in COI between reference sequences), Malacoctenus delalandii (distributed but 12S missing from Genbank and high interspecific variation in COI between reference sequences), Malacoctenus erdmani (distributed but 12S missing from Genbank and high interspecific variation in COI between reference sequences), Malacoctenus gilli (distributed but 12S missing from Genbank and high interspecific variation in COI between reference sequences), Malacoctenus versicolor (distributed but 12S missing from Genbank and high interspecific variation in COI between reference sequences);Labrisomidae_3;Labrisomidae;1;0;0;1
Gua_PORT_complet_106;gtggttctaaggcaccgccaagtcctttgggttttaagctgatgctcgtagtaccctggcgggcagcatatgtacggggctgccaaagtttatggctgt;Animalia;Chordata;Teleostei;Blenniiformes;Labrisomidae;;;Malacoctenus aurolineatus (distributed but 12S missing from Genbank and high interspecific variation in COI between reference sequences), Malacoctenus boehlkei (distributed but 12S missing from Genbank and high interspecific variation in COI between reference sequences), Malacoctenus delalandii (distributed but 12S missing from Genbank and high interspecific variation in COI between reference sequences), Malacoctenus erdmani (distributed but 12S missing from Genbank and high interspecific variation in COI between reference sequences), Malacoctenus gilli (distributed but 12S missing from Genbank and high interspecific variation in COI between reference sequences), Malacoctenus versicolor (distributed but 12S missing from Genbank and high interspecific variation in COI between reference sequences);Labrisomidae_4;Labrisomidae;0;1;0;0
Gua_PORT_complet_115;gtggatcttaagcaccgccaagtcctttgggttttaagctggtgctcgtagtaccctggcgggcagcatatgtattaggctgccaaagtttaaggctgt;Animalia;Chordata;Teleostei;Blenniiformes;Labrisomidae;;;Malacoctenus aurolineatus (distributed but 12S missing from Genbank and high interspecific variation in COI between reference sequences), Malacoctenus boehlkei (distributed but 12S missing from Genbank and high interspecific variation in COI between reference sequences), Malacoctenus delalandii (distributed but 12S missing from Genbank and high interspecific variation in COI between reference sequences), Malacoctenus erdmani (distributed but 12S missing from Genbank and high interspecific variation in COI between reference sequences), Malacoctenus gilli (distributed but 12S missing from Genbank and high interspecific variation in COI between reference sequences), Malacoctenus versicolor (distributed but 12S missing from Genbank and high interspecific variation in COI between reference sequences), Paraclinus barbatus (distributed but 12S missing from Genbank and high interspecific variation in COI between reference sequences), Paraclinus cingulatus (distributed but 12S missing from Genbank and high interspecific variation in COI between reference sequences), Paraclinus grandicomis (distributed but 12S missing from Genbank and high interspecific variation in COI between reference sequences), Paraclinus infrons (distributed but 12S missing from Genbank and high interspecific variation in COI between reference sequences), Paraclinus naeorhegmis (distributed but 12S missing from Genbank and high interspecific variation in COI between reference sequences);Labrisomidae_5;Labrisomidae;0;1;0;0
Gua_PORT_complet_116;gtggatcttaagcaccgccaagtcctttgggttttaagctggtgctcgtagtaccctggcgggcagcatgtgtattaggctgccgaagtttaaggctgt;Animalia;Chordata;Teleostei;Blenniiformes;Labrisomidae;;;Malacoctenus aurolineatus (distributed but 12S missing from Genbank and high interspecific variation in COI between reference sequences), Malacoctenus boehlkei (distributed but 12S missing from Genbank and high interspecific variation in COI between reference sequences), Malacoctenus delalandii (distributed but 12S missing from Genbank and high interspecific variation in COI between reference sequences), Malacoctenus erdmani (distributed but 12S missing from Genbank and high interspecific variation in COI between reference sequences), Malacoctenus gilli (distributed but 12S missing from Genbank and high interspecific variation in COI between reference sequences), Malacoctenus versicolor (distributed but 12S missing from Genbank and high interspecific variation in COI between reference sequences);Labrisomidae_6;Labrisomidae;0;1;0;1
Gua_PORT_complet_107;gtggttctaaggcaccgccaagtcctttgggtttcaagctgatgctcgtagtaccctggcgggcagcatatgtatagggctgccaaagtttatggctgt;Animalia;Chordata;Teleostei;Blenniiformes;Labrisomidae;Malacoctenus;;Malacoctenus triangulatus, Malacoctenus aurolineatus (distributed but 12S missing from Genbank and high interspecific variation in COI between reference sequences), Malacoctenus boehlkei (distributed but 12S missing from Genbank and high interspecific variation in COI between reference sequences), Malacoctenus delalandii (distributed but 12S missing from Genbank and high interspecific variation in COI between reference sequences), Malacoctenus erdmani (distributed but 12S missing from Genbank and high interspecific variation in COI between reference sequences), Malacoctenus gilli (distributed but 12S missing from Genbank and high interspecific variation in COI between reference sequences), Malacoctenus versicolor (distributed but 12S missing from Genbank and high interspecific variation in COI between reference sequences);Malacoctenus sp.;Malacoctenus sp.;0;0;0;1
Gua_PORT_complet_108;gtggttctaaggcaccgccaagtcctttgggtttcaagctgatgctcgtagtaccctggcgggcagtatatgtaaggggttgccaaagtttatggctgt;Animalia;Chordata;Teleostei;Blenniiformes;Labrisomidae;Malacoctenus;macropus;Malacoctenus macropus;Malacoctenus macropus;Malacoctenus macropus;0;1;0;1
Gua_PORT_complet_90;gtggatcttaagcaccgccaagtcctttgggttttaagcttatgcttgtagttcccgggcgggcagtagttgtaaaaaactgcctaagtttacggctga;Animalia;Chordata;Teleostei;Blenniiformes;Labrisomidae;Starksia;;Starksia ocellata, Starksia leucovitta (distributed but 12S missing from Genbank and high interspecific variation in COI between reference sequences), Starksia melasma (distributed but 12S missing from Genbank and high interspecific variation in COI between reference sequences), Starksia rava (distributed but 12S missing from Genbank and high interspecific variation in COI between reference sequences), Starksia splendens (distributed but 12S missing from Genbank and high interspecific variation in COI between reference sequences), Starksia variabilis (distributed but 12S missing from Genbank and high interspecific variation in COI between reference sequences), Starksia y-lineata (distributed but 12S missing from Genbank and high interspecific variation in COI between reference sequences);Starksia sp.;Starksia sp.;0;1;0;1
Gua_PORT_complet_356;gggggtctaaagcaccgccaagtcctttgggttttaagcttacgctcgtagtacccgggcggataatttatgtggtaaattatcggggtttatggccag;Animalia;Chordata;Teleostei;Callionymiformes;Callionymidae;;;Callionymidae;Callionymidae;Callionymidae;1;1;1;1
Gua_PORT_complet_407;gtggatgtaaagcaccgccaagtcctttgggtttcagactggtgttcgtaattcccgggcggattgagggtgtggtattacaatcaatgtttagggctga;Animalia;Chordata;Teleostei;Carangaria incertae sedis;Sphyraenidae;Sphyraena;;Sphyraena guachancho, Sphyraena borealis;Sphyraena sp.;Sphyraena sp.;1;0;0;0
Gua_PORT_complet_405;gtggatgtaaagcaccgccaagtcctttgggtttcagactagtgttcgtaattcccaggcggatcggggttgtggtagacgatcgatgtttaggactga;Animalia;Chordata;Teleostei;Carangaria incertae sedis;Sphyraenidae;Sphyraena;barracuda;Sphyraena barracuda;Spyhraena barracuda;Spyhraena barracuda;1;1;1;1
Gua_PORT_complet_134;gtggatgttaagcaccgccaagtcctttgggttttaaactaatgttcgtaattcccaggcggatgtttgatgtagtaaacaatcaatgtttaaggctaa;Animalia;Chordata;Teleostei;Carangiformes;Carangidae;;;Caranx bartholomaei, Caranx crysos, Caranx latus, Caranx lugubris, Uraspis secunda, Alectis ciliaris;Carangidae;Carangidae;1;0;0;1
Gua_PORT_complet_126;gtggatgttaagcaccgccaagtcctttgggttttaaactagtgttcgtaattcccaggcggatgtttgatgtggaaaacaatcaatgtttaaggctaa;Animalia;Chordata;Teleostei;Carangiformes;Carangidae;Alectis;ciliaris;Alectis ciliaris;Alectis ciliaris;Alectis ciliaris;0;0;1;1
Gua_PORT_complet_127;gtgggtctaaagcaccgccaagtcctttgggttttaaactaatgttcgtaattcccaggcggatgtttgatgtagtaaacaatcaatgtttaaggctaa;Animalia;Chordata;Teleostei;Carangiformes;Carangidae;Caranx;;Caranx crysos, Caranx latus, Caranx lugubris;Caranx sp._1;Caranx sp.;0;0;0;1
Gua_PORT_complet_135;gtggatgttaagcaccgccaagtcctttgggttttaaactaatgttcgtaattcccaggcggatgtttgatgtagtaaacgatcaatgtttagggctaa;Animalia;Chordata;Teleostei;Carangiformes;Carangidae;Caranx;;Caranx crysos, Caranx latus, Caranx lugubris;Caranx sp._2;Caranx sp.;1;1;1;1
Gua_PORT_complet_136;gtggatgttaagcaccgccaagtcctttgggttttaaactaatgttcgtaattcccgggcggatgtttgatgtagtaaacgatcaatgtttaaggctaa;Animalia;Chordata;Teleostei;Carangiformes;Carangidae;Caranx;;Caranx crysos, Caranx latus, Caranx lugubris;Caranx sp._3;Caranx sp.;1;1;1;1
Gua_PORT_complet_133;gtggatattaagcaccgccaagtcctttgggttttaaactaatgttcgtaattcccaggcggatgtttgatgtagtaaacaatcaatgtttagggctaa;Animalia;Chordata;Teleostei;Carangiformes;Carangidae;Caranx;bartholomaei;Caranx bartholomaei;Caranx bartholomaei;Caranx bartholomaei;0;1;0;0
Gua_PORT_complet_125;gtggatgttaagcaccgccaagtcctttgggttttaaactagtgttcgtaatacccaggcggatgtttaatgtagtaaacgatcaatgtttagggctaa;Animalia;Chordata;Teleostei;Carangiformes;Carangidae;Chloroscombrus;chrysurus;Chloroscombrus chrysurus;Chloroscombrus chrysurus;Chloroscombrus chrysurus;1;0;1;1
Gua_PORT_complet_142;gtgggtctaaagcaccgccaagtcctttgggttttaaactagtgttcgtaatacccaggcggatgtttaatgtagtaaacgatcaatgtttagggctaa;Animalia;Chordata;Teleostei;Carangiformes;Carangidae;Chloroscombrus;chrysurus;Chloroscombrus chrysurus;Chloroscombrus chrysurus;Chloroscombrus chrysurus;1;0;0;1
Gua_PORT_complet_139;gtggatgttaagcaccgccaagtccttggggttttaaactgatgttcgtaatacccgggcggatgtttggtgtaatatataatcaatgtttagggctaa;Animalia;Chordata;Teleostei;Carangiformes;Carangidae;Trachinotus;;Trachinotus carolinus, Trachinotus falcatus, Trachinotus ovatus, Trachinotus cayennensis (distributed but 12S missing from Genbank and high interspecific variation in COI between reference sequences), Trachinotus goodei (distributed but 12S missing from Genbank and high interspecific variation in COI between reference sequences), Trachinotus marginatus (distributed but 12S missing from Genbank and high interspecific variation in COI between reference sequences);Trachinotus sp.;Trachinotus sp.;1;1;1;1
Gua_PORT_complet_140;gtggatattaagcaccgccaagtcctttgggttttaaactaatgttcgtagttcccaggcggatgtttatgtaataaacagtcaatgtttagggctaa;Animalia;Chordata;Teleostei;Carangiformes;Coryphaenidae;Coryphaena;;Coryphaena equiselis, Coryphaena hippurus;Coryphaena sp.;Coryphaena sp.;0;0;0;1
Gua_PORT_complet_141;gtggatgtaaagcaccgccaagtcctttgggttttaaactgatgttcgtaattcccgggcggatgtttgatgtattaaacaatcaatgtttagggctaa;Animalia;Chordata;Teleostei;Carangiformes;Echeneidae;;;Echeneis neucratoides, Echeneis naucrates, Phtheirichthys lineatus, Remora osteochir;Echeneidae;Echeneidae;0;0;0;1
Gua_PORT_complet_241;gtggatgttaagcaccgccaagtcctttgggttttaaacttatgctcgtaattcccgggcggatctagggtgtagtaaataatcgatgtttagggctaa;Animalia;Chordata;Teleostei;Carangiformes;Istiophoridae;;;Tetrapturus pfluegeri, Makaira nigricans, Istiophorus albicans, Istiophorus platypterus, Kajikia albida;Istiophoridae;Istiophoridae;0;1;0;1
Gua_PORT_complet_161;gggggtctgaagcaccgccaagtcctttgggttttaagctggcgctcgtagtccccgggcggatatttattgtattgaaatatctaagtttacggcagg;Animalia;Chordata;Teleostei;Clupeiformes;Dorosomatidae;;;Opisthonema oglinum, Dorosoma cepedianum;Dorosomatidae;Dorosomatidae;1;1;1;1
Gua_PORT_complet_157;gtgggtctaaagcaccgccaagtcctttgggttttaagctggcgctcgtagtccccaggcggatgtctattgtagtctgacatctaagtttacggcggg;Animalia;Chordata;Teleostei;Clupeiformes;Dorosomatidae;Harengula;;Harengula clupeola, Harengula jaguana;Harengula sp._1;Harengula sp.;1;0;1;1
Gua_PORT_complet_159;gggggtctgaagcaccgccaagtcctttgggttttaagctggcgctcgtagtccccaggcggatgtctattgtagtctgacatctaagtttacggcggg;Animalia;Chordata;Teleostei;Clupeiformes;Dorosomatidae;Harengula;;Harengula clupeola, Harengula jaguana;Harengula sp._2;Harengula sp.;1;1;1;1
Gua_PORT_complet_171;gggggtctgaggcaccgccaagtcctttgggttttaagctggtgctcgtagttccccggcggatgctagttgtacattagcattaaagtttatggctag;Animalia;Chordata;Teleostei;Clupeiformes;Engraulidae;;;Anchoa colonensis (distributed but 12S missing from Genbank and high interspecific variation in COI between reference sequences), Anchoa cubana (distributed but 12S missing from Genbank and high interspecific variation in COI between reference sequences), Anchoa filifera (distributed but 12S missing from Genbank and high interspecific variation in COI between reference sequences), Anchoa lamprotaenia (distributed but 12S missing from Genbank and high interspecific variation in COI between reference sequences), Engraulis eurystole;Engraulidae_1;Engraulidae;1;0;0;0
Gua_PORT_complet_172;gggggtctgaggcaccgccaagtcctttgggttttaagctggtgctcgtagttccctggcggatgctagttgtacattagcattaaagtttacggctag;Animalia;Chordata;Teleostei;Clupeiformes;Engraulidae;;;Anchoa lyolepis, Anchoa colonensis (distributed but 12S missing from Genbank and high interspecific variation in COI between reference sequences), Anchoa cubana (distributed but 12S missing from Genbank and high interspecific variation in COI between reference sequences), Anchoa filifera (distributed but 12S missing from Genbank and high interspecific variation in COI between reference sequences), Engraulis eurystole;Engraulidae_2;Engraulidae;0;1;0;0
Gua_PORT_complet_175;gggggtctgaggcaccgccaagtcctttgggttttaagctggtgctcgtagttccctggcggatgctagttgtacattagcattaaagtttatggctag;Animalia;Chordata;Teleostei;Clupeiformes;Engraulidae;;;Anchoa lyolepis, Anchoa colonensis (distributed but 12S missing from Genbank and high interspecific variation in COI between reference sequences), A. cubana (distributed but 12S missing from Genbank and high interspecific variation in COI between reference sequences), A. filifera (distributed but 12S missing from Genbank and high interspecific variation in COI between reference sequences), Engraulis eurystole;Engraulidae_3;Engraulidae;0;0;0;1
Gua_PORT_complet_176;gggggtctgaggcaccgccaagtcctttgggttttaagctggtgctcgtagttccctggcggatgctagttgtacattagcattaaagtttacggctgg;Animalia;Chordata;Teleostei;Clupeiformes;Engraulidae;;;Anchoa colonensis (distributed but 12S missing from Genbank and high interspecific variation in COI between reference sequences), Anchoa cubana (distributed but 12S missing from Genbank and high interspecific variation in COI between reference sequences), Anchoa filifera (distributed but 12S missing from Genbank and high interspecific variation in COI between reference sequences), Anchoa lamprotaenia (distributed but 12S missing from Genbank and high interspecific variation in COI between reference sequences), Engraulis eurystole;Engraulidae_4;Engraulidae;1;1;0;1
Gua_PORT_complet_162;gggggtctgaggcaccgccaagtcctttgggttttaagctggtgcttgtagtcccctggcggatgctagttgtacattagcataaaagtttacggctag;Animalia;Chordata;Teleostei;Clupeiformes;Engraulidae;Anchoa;;Anchoa lyolepis, Anchoa colonensis (distributed but 12S missing from Genbank and high interspecific variation in COI between reference sequences), A. cubana (distributed but 12S missing from Genbank and high interspecific variation in COI between reference sequences), A. filifera (distributed but 12S missing from Genbank and high interspecific variation in COI between reference sequences);Anchoa sp._1;Anchoa sp.;0;0;0;1
Gua_PORT_complet_165;gggggtctgaggcaccgccaagtcctttgggttttaagctggtgcttgtagttccctggcggatgctagttgtacattagcataaaagtttacggccgg;Animalia;Chordata;Teleostei;Clupeiformes;Engraulidae;Anchoa;;Anchoa lyolepis, Anchoa colonensis (distributed but 12S missing from Genbank and high interspecific variation in COI between reference sequences), Anchoa cubana (distributed but 12S missing from Genbank and high interspecific variation in COI between reference sequences), Anchoa filifera (distributed but 12S missing from Genbank and high interspecific variation in COI between reference sequences);Anchoa sp._2;Anchoa sp.;1;1;0;1
Gua_PORT_complet_173;gggggtctgaggcaccgccaagtcctttgggttttaagctggtgctcgtagttccctggcggatgctagttgtacgttagcatcaaagtttatggctag;Animalia;Chordata;Teleostei;Clupeiformes;Engraulidae;Cetengraulis;edentulus;Cetengraulis edentulus;Cetengraulis edentulus;Cetengraulis edentulus;1;0;0;1
Gua_PORT_complet_160;gggggtctgaaacaccgccaagtcctttgggttttaggctgatgcccgtagtacccaggcggatgtatgttgtgtggtaacatcaatgtttagggccag;Animalia;Chordata;Teleostei;Clupeiformes;Spratelloididae;Jenkinsia;lamprotaenia;Jenkinsia lamprotaenia;Jenkinsia lamprotaenia;Jenkinsia lamprotaenia;0;1;0;1
Gua_PORT_complet_178;gggggtctaaagcaccgccaagtcctttgggttttaagcttatgctcgtagtccccaggcggataggggttgtagatttctatcaatgtttacggcggt;Animalia;Chordata;Teleostei;Cyprinodontiformes;Poeciliidae;Poecilia;;Poecilia vivipara (distributed but 12S missing from Genbank and high interspecific variation in COI between reference sequences);Poecilia sp.;Poecilia sp.;1;0;1;0
Gua_PORT_complet_177;gggggtctaaagcaccgccaagtcctttgggttttaagcttatgctcgtagtccccgggcggataggggttgtggttttctatcaaggtttacggcggt;Animalia;Chordata;Teleostei;Cyprinodontiformes;Poeciliidae;Poecilia;reticulata;Poecilia reticulata;Poecilia reticulata;Poecilia reticulata;1;0;0;0
Gua_PORT_complet_179;gtgggtgtggggcaccgccaagtcctttgggttttaagctgacgcttgtagtcccctggcggatgatatttgtgttttatcatcaaggtttacggccaa;Animalia;Chordata;Teleostei;Elopiformes;Elopidae;Elops;;Elops saurus, Elops smithi;Elops sp.;Elops sp.;1;1;0;1
Gua_PORT_complet_181;gtgggtttggggcaccgccaagtcctttgggtttaaagctagcgcttgtagttccctggcggatagtatttgtgtcttactatcagagtttatggccga;Animalia;Chordata;Teleostei;Elopiformes;Megalopidae;Megalops;atlanticus;Megalops atlanticus;Megalops atlanticus;Megalops atlanticus;1;0;1;1
Gua_PORT_complet_188;atgggtctaaagcaccgccaagtcctttgggtttcaagctaatgctcgtagtacccgggcggataaagtaaagtgtaattttatctgtatttagggctaa;Animalia;Chordata;Teleostei;Eupercaria incertae sedis;Gerreidae;;;Eucinostomus jonesii, Ulaema lefroyi;Gerreidae_1;Gerreidae;1;0;0;0
Gua_PORT_complet_189;atgggtctgaagcaccgccaagtcctttgggtttcaagctgatgctcgtagtacccgggcggataaagtaaaggtatagttttatctgtatttagggctaa;Animalia;Chordata;Teleostei;Eupercaria incertae sedis;Gerreidae;;;;Gerreidae_2;Gerreidae;0;1;0;0
Gua_PORT_complet_186;ggggggtctgaagcaccgccaagtcctttgggtttcaagctaatgctcgtagtacccgggcgaatagataggtaaagttctatttatgtttagggctag;Animalia;Chordata;Teleostei;Eupercaria incertae sedis;Gerreidae;Diapterus;auratus;Diapterus auratus;Diapterus auratus;Diapterus auratus;0;0;0;1
Gua_PORT_complet_187;gggggtctgaagcaccgccaagtcctttgggtttcaagctaatgctcgtagtacccgggcgaatagtggggtgaggttctatttatgtttagggctag;Animalia;Chordata;Teleostei;Eupercaria incertae sedis;Gerreidae;Diapterus;rhombeus;Diapterus rhombeus;Diapterus rhombeus;Diapterus rhombeus;1;0;1;1
Gua_PORT_complet_192;ttgggtttgaagcaccgccaagtcctttgggttttaagctagcgctcgtagtaccctggcggataaagtcaaaggtgaggctttatctatatttagggctaa;Animalia;Chordata;Teleostei;Eupercaria incertae sedis;Gerreidae;Eucinostomus;argenteus;Eucinostomus argenteus;Eucinostomus argenteus;Eucinostomus argenteus;1;0;1;1
Gua_PORT_complet_193;acgggtttgaagcaccgccaagtcctttgggtttgaagctagcgctcgtagtacccgggcggataagtcaaaggtaagaccttatctgtgtttagggctaa;Animalia;Chordata;Teleostei;Eupercaria incertae sedis;Gerreidae;Eucinostomus;gula;Eucinostomus gula;Eucinostomus gula;Eucinostomus gula;1;1;1;1
Gua_PORT_complet_197;atgggtttgaagtaccgccaagtcctttgggtttcaagctaatgctcgtagtacccgggcggataaacaaatgtaggtggtttatctatgtttagggctaa;Animalia;Chordata;Teleostei;Eupercaria incertae sedis;Gerreidae;Eucinostomus;havana;Eucinostomus havana;Eucinostomus havana;Eucinostomus havana;0;1;0;0
Gua_PORT_complet_212;ttggagttgaagcaccgccaagtcctttgggttttaagctagcgctcgtagtacccgggcggataaaatataggtaaggttttatctgtatttagagctaa;Animalia;Chordata;Teleostei;Eupercaria incertae sedis;Gerreidae;Eucinostomus;jonesii;Eucinostomus jonesii;Eucinostomus jonesii;Eucinostomus jonesii;1;1;1;1
Gua_PORT_complet_198;atgggtctgaagtaccgccaagtcctttgggtttcaagctgatgctcgtagtacccgggcggataaaaataagtgaggttttatctgtgtttagggctaa;Animalia;Chordata;Teleostei;Eupercaria incertae sedis;Gerreidae;Eucinostomus;melanopterus;Eucinostomus melanopterus;Eucinostomus melanopterus;Eucinostomus melanopterus;1;0;0;0
Gua_PORT_complet_199;gggggtctgaagcaccgccaagtcctttgggtttcaagctaatgctcgtagtacccgggcgaatagtaaggtgacattctatttatgtttagggctag;Animalia;Chordata;Teleostei;Eupercaria incertae sedis;Gerreidae;Eugerres;;Eugerres plumieri, Eugerres brasilianus;Eugerres sp.;Eugerres sp.;1;0;0;1
Gua_PORT_complet_218;atgggtctaaagcaccgccaagtcctttgggtttcaagctaatgctcgtagtacccgggcggatagaaaggtggtgttctatctatgtttagggctaa;Animalia;Chordata;Teleostei;Eupercaria incertae sedis;Gerreidae;Gerres;cinereus;Gerres cinereus;Gerres cinereus;Gerres cinereus;1;1;1;1
Gua_PORT_complet_280;gtggatctaaagcaccgccaagtcctttgggttttaagctggtgctcgtaatccccgggcggacggtatatgtaatatacgtcaatgtttaaggctgg;Animalia;Chordata;Teleostei;Eupercaria incertae sedis;Haemulidae;Haemulon;;Haemulon album, Haemulon aurolineatum, Haemulon bonariense, Haemulon carbonarium, Haemulon flavolineatum, Haemulon macrostomum, Haemulon melanurum, Haemulon parra, Haemulon striatum, Haemulon vittatum, Haemulon album (distributed but 12S missing from Genbank and high interspecific variation in COI between reference sequences), Haemulon bonariense (distributed but 12S missing from Genbank and high interspecific variation in COI between reference sequences), Haemulon melanurum (distributed but 12S missing from Genbank and high interspecific variation in COI between reference sequences), Haemulon striatum (distributed but 12S missing from Genbank and high interspecific variation in COI between reference sequences), Haemulon vittatum (distributed but 12S missing from Genbank and high interspecific variation in COI between reference sequences);Haemulon sp._1;Haemulon sp.;1;1;0;1
Gua_PORT_complet_281;gtggatctaaagcaccgccaagtcctttgggttttaagctggtgcttgtaatccccgggcggacggcaaatgtagtagacgtcaatgtttaaggctgg;Animalia;Chordata;Teleostei;Eupercaria incertae sedis;Haemulidae;Haemulon;;Haemulon plumierii, Haemulon sciurus, Haemulon album (distributed but 12S missing from Genbank and high interspecific variation in COI between reference sequences), Haemulon bonariense (distributed but 12S missing from Genbank and high interspecific variation in COI between reference sequences), Haemulon melanurum (distributed but 12S missing from Genbank and high interspecific variation in COI between reference sequences), Haemulon striatum (distributed but 12S missing from Genbank and high interspecific variation in COI between reference sequences), Haemulon vittatum (distributed but 12S missing from Genbank and high interspecific variation in COI between reference sequences);Haemulon sp._2;Haemulon sp.;0;1;1;0
Gua_PORT_complet_282;gtggatctaaagcaccgccaagtcctttgggttttaagctggtgcttgtaatccccgggcggacggcatatgtaatatacgtcaatgtttaaggctgg;Animalia;Chordata;Teleostei;Eupercaria incertae sedis;Haemulidae;Haemulon;;Haemulon aurolineatum, Haemulon carbonarium, Haemulon macrostomum, Haemulon parra, Haemulon sciurus, Haemulon album (distributed but 12S missing from Genbank and high interspecific variation in COI between reference sequences), Haemulon bonariense (distributed but 12S missing from Genbank and high interspecific variation in COI between reference sequences), Haemulon melanurum (distributed but 12S missing from Genbank and high interspecific variation in COI between reference sequences), Haemulon striatum (distributed but 12S missing from Genbank and high interspecific variation in COI between reference sequences), Haemulon vittatum (distributed but 12S missing from Genbank and high interspecific variation in COI between reference sequences);Haemulon sp._3;Haemulon sp.;1;1;1;0
Gua_PORT_complet_283;gtggatctaaagcaccgccaagtcctttgggttttaagctggtgcttgtaatccccgggcggacggtatatgtagtatacgtcaatgtttaaggctgg;Animalia;Chordata;Teleostei;Eupercaria incertae sedis;Haemulidae;Haemulon;;Haemulon aurolineatum, Haemulon carbonarium, Haemulon parra, Haemulon sciurus, Haemulon album (distributed but 12S missing from Genbank and high interspecific variation in COI between reference sequences), Haemulon bonariense (distributed but 12S missing from Genbank and high interspecific variation in COI between reference sequences), Haemulon melanurum (distributed but 12S missing from Genbank and high interspecific variation in COI between reference sequences), Haemulon striatum (distributed but 12S missing from Genbank and high interspecific variation in COI between reference sequences), Haemulon vittatum (distributed but 12S missing from Genbank and high interspecific variation in COI between reference sequences);Haemulon sp._4;Haemulon sp.;1;1;0;1
Gua_PORT_complet_247;gtggatctaaagcaccgccaagtcctttgggttttaagctaacgctcgtagttcccaggcggataaaataagtaggttattatctatgtttaaggctaa;Animalia;Chordata;Teleostei;Eupercaria incertae sedis;Labridae;Halichoeres;;Halichoeres bivittatus, Halichoeres cyanocephalus, Halichoeres garnoti, Halichoeres poeyi, Halichoeres radiatus;Halichoeres sp._1;Halichoeres sp.;0;1;0;1
Gua_PORT_complet_265;gtgggtttgaagcaccgccaagtcctttgggttttaagctaacgctcgtagttcccaggcggataaaataagtaggttattatctatgtttaaggctaa;Animalia;Chordata;Teleostei;Eupercaria incertae sedis;Labridae;Halichoeres;;Halichoeres bivittatus, Halichoeres cyanocephalus, Halichoeres garnoti, Halichoeres poeyi, Halichoeres radiatus;Halichoeres sp._2;Halichoeres sp.;0;1;0;0
Gua_PORT_complet_271;gtggatgtgaagcaccgccaagtcctttgggttttaagctgatgctcgtaattcccaggcggataatgattgtaacacactatcaatgtttacggctag;Animalia;Chordata;Teleostei;Eupercaria incertae sedis;Labridae;Lachnolaimus;maximus;Lachnolaimus maximus;Lachnolaimus maximus;Lachnolaimus maximus;1;0;0;1
Gua_PORT_complet_296;gtggatctaaagcaccgccaagtcctttgggtttcaagctaatgctcgtagtccccgggcggatagcgggtgtagttaactatcaatgtttatggctag;Animalia;Chordata;Teleostei;Eupercaria incertae sedis;Lutjanidae;Lutjanus;;Lutjanus analis, Lutjanus buccanella, Lutjanus vivanus, Lutjanus cyanopterus (distributed but 12S missing from Genbank and high interspecific variation in COI between reference sequences), Lutjanus purpureus (distributed but 12S missing from Genbank and high interspecific variation in COI between reference sequences);Lutjanus sp._1;Lutjanus sp.;1;1;1;1
Gua_PORT_complet_299;gtggatctaaagcaccgccaagtcctttgggtttcaagctgatgctcgtagtccccgggcggatagtgggtgtagttagctatcaatgtttatggctag;Animalia;Chordata;Teleostei;Eupercaria incertae sedis;Lutjanidae;Lutjanus;;Lutjanus campechanus, Lutjanus purpureus (distributed but 12S missing from Genbank and high interspecific variation in COI between reference sequences);Lutjanus sp._2;Lutjanus sp.;1;0;0;0
Gua_PORT_complet_302;gtgggtctaaagcaccgccaagtcctttgggttttaagctgatgctcgtagtccccgggcggatagtaggggtagtttactatcgatgtttatggctag;Animalia;Chordata;Teleostei;Eupercaria incertae sedis;Lutjanidae;Lutjanus;;Lutjanus apodus, Lutjanus griseus;Lutjanus sp._3;Lutjanus sp.;0;0;0;1
Gua_PORT_complet_305;gtggatctaaagcaccgccaagtcctttgggttttaagctgatgctcgtagtccccgggcggatagtaggggtagtttactatcaatgtttatggctag;Animalia;Chordata;Teleostei;Eupercaria incertae sedis;Lutjanidae;Lutjanus;;Lutjanus apodus, Lutjanus griseus, Lutjanus jocu, Lutjanus cyanopterus (distributed but 12S missing from Genbank and high interspecific variation in COI between reference sequences), Lutjanus purpureus (distributed but 12S missing from Genbank and high interspecific variation in COI between reference sequences);Lutjanus sp._4;Lutjanus sp.;1;1;0;1
Gua_PORT_complet_306;gtggatctaaagcaccgccaagtcctttgggttttaagctgatgctcgtagtccccgggcggatagtaggggtagtttactatcgatgtttatggctag;Animalia;Chordata;Teleostei;Eupercaria incertae sedis;Lutjanidae;Lutjanus;;Lutjanus apodus, Lutjanus griseus;Lutjanus sp._5;Lutjanus sp.;1;0;1;1
Gua_PORT_complet_297;gtggatctaaagcaccgccaagtcctttgggtttcaagctgatgctcgtagtccccgggcggatagcgggtgtagttggctatcaatgtttatggctag;Animalia;Chordata;Teleostei;Eupercaria incertae sedis;Lutjanidae;Lutjanus;mahogoni;Lutjanus mahogoni;Lutjanus mahogoni;Lutjanus mahogoni;0;1;0;0
Gua_PORT_complet_307;gtggatctaaagcaccgccaagtcctttgggtttcaagctgatgctcgtagtccccgggcggatagtgggtgtagctaactatcaatgtttatggctag;Animalia;Chordata;Teleostei;Eupercaria incertae sedis;Lutjanidae;Lutjanus;synagris;Lutjanus synagris;Lutjanus synagris;Lutjanus synagris;1;1;1;1
Gua_PORT_complet_298;gtggatctaaagcaccgccaagtcctttgggtttcaagctgatgctcgtagtccccgggcggatagtgggcgtagttaactatcaatgtttatggctag;Animalia;Chordata;Teleostei;Eupercaria incertae sedis;Lutjanidae;Ocyurus;chrysurus;Ocyurus chrysurus;Ocyurus chrysurus;Ocyurus chrysurus;1;1;1;1
Gua_PORT_complet_272;ggggatataaagcaccgtcaagtcctttgggttttaagcttacgctcgtagttcccgggcgaacagcaaatgtaaaaagctgtcaggtttacggctat;Animalia;Chordata;Teleostei;Eupercaria incertae sedis;Scaridae;Scarus;;Scarus coelestinus, Scarus coeruleus, Scarus iseri, Scarus taeniopterus, Scarus vetula;Scarus sp.;Scarus sp.;0;1;0;1
Gua_PORT_complet_263;gtgggtttgaagcaccgccaagtcctttgggtttaaagctcgtgcttgtagtacccgggcggacagccaatgtattgggctgtcggtttacggctat;Animalia;Chordata;Teleostei;Eupercaria incertae sedis;Scaridae;Sparisoma;;Sparisoma chrysopterum, Sparisoma radians, Sparisoma rubripinne, Sparisoma viride;Sparisoma sp._1;Sparisoma sp.;0;1;0;0
Gua_PORT_complet_279;ggggatgtaaagcaccgtcaagtcctttgggtttaaagctcgtgcttgtagtacccgggcggacagccaatgtattgggctgtcggtttacggctat;Animalia;Chordata;Teleostei;Eupercaria incertae sedis;Scaridae;Sparisoma;;Sparisoma chrysopterum, Sparisoma radians, Sparisoma rubripinne, Sparisoma viride;Sparisoma sp._2;Sparisoma sp.;1;1;1;1
Gua_PORT_complet_278;ggggatgtaaagcaccgtcaagtcctttgggtttcaagctcgtgctcgtagtacccgggcggacagccaatgtaccgggctgtctgtttacggctat;Animalia;Chordata;Teleostei;Eupercaria incertae sedis;Scaridae;Sparisoma;rubripinne;Sparisoma rubripinne;Sparisoma rubripinne;Sparisoma rubripinne;1;1;0;1
Gua_PORT_complet_403;gtgggtctaaagcaccgccaagtcctttgggttttaagctggtgctcgtagttcccaggcggacaacaggtgtatgttgttgtcaatgtttagggctag;Animalia;Chordata;Teleostei;Eupercaria incertae sedis;Sciaenidae;Micropogonias;;Micropogonias furnieri, Micropogonias undulatus;Micropogonias sp._1;Micropogonias sp.;0;0;0;1
Gua_PORT_complet_404;gtgggtctaaggcaccgccaagtcctttgggttttaagctggtgctcgtagttcccaggcggacaacaggtgtacattgttgtcaatgtttagggctag;Animalia;Chordata;Teleostei;Eupercaria incertae sedis;Sciaenidae;Micropogonias;;Micropogonias furnieri, Micropogonias undulatus;Micropogonias sp._2;Micropogonias sp.;0;0;0;1
Gua_PORT_complet_402;gtggatctaaagcaccgccaagtcctttgggttttaagctggtgctcgtagtacccgggcgggcaacaggtgtatgttgttgtcagtgtttaaggctaa;Animalia;Chordata;Teleostei;Eupercaria incertae sedis;Sciaenidae;Stellifer;;Stellifer cervigoni (distributed but 12S missing from Genbank and high interspecific variation in COI between reference sequences);Stellifer sp.;Stellifer sp.;0;1;0;1
Gua_PORT_complet_350;gtgggtctaaagcaccgtcaagtcctttgggttttaagctaacgctcgtagttcccaggcggacagaaaacgtagtgtactgtcaatgtttacggctaa;Animalia;Chordata;Teleostei;Eupercaria incertae sedis;Sparidae;;;Calamus bajonado (distributed but 12S missing from Genbank and high interspecific variation in COI between reference sequences), Calamus pennatula (distributed but 12S missing from Genbank and high interspecific variation in COI between reference sequences);Sparidae;Sparidae;1;1;0;1
Gua_PORT_complet_346;gtgggtctaaagcaccgccaagtcctttgggttttaagctaatgctcgtagttcccgggcggacaggaaatgtagtaaactgtcaatgtttatggctaa;Animalia;Chordata;Teleostei;Eupercaria incertae sedis;Sparidae;Archosargus;rhomboidalis;Archosargus rhomboidalis;Archosargus rhomboidalis;Archosargus rhomboidalis;1;1;1;1
Gua_PORT_complet_338;gtgggtctaaagcaccgccaagtcctttgggttttaagctaacgctcgtagttcccaggcggacagaaaatgtagtatactgtcaatgtttatggctaa;Animalia;Chordata;Teleostei;Eupercaria incertae sedis;Sparidae;Calamus;penna;Calamus penna;Calamus penna;Calamus penna;1;1;1;0
Gua_PORT_complet_73;gtggatcttaagcaccgccaagtcctttgggttttaagctaggcttgtagtacccaggcggatagcgagtgtaatgagctatcatggtttagggctga;Animalia;Chordata;Teleostei;Gobiesociformes;Gobiesocidae;Arcos;;Arcos nudus (distributed but 12S missing from Genbank and high interspecific variation in COI between reference sequences);Arcos sp.;Arcos sp.;0;1;0;0
Gua_PORT_complet_409;gtggatctaaagcaccgccaagtcctttgggttttaagctaatgctcgtagtccccgggcgagtagcaggtgtaaggatgctacttgtgtttagggctag;Animalia;Chordata;Teleostei;Gobiiformes;Eleotridae;Dormitator;maculatus;Dormitator maculatus;Dormitator maculatus;Dormitator maculatus;1;0;0;0
Gua_PORT_complet_410;gtggatctaaagcaccgccaagtcctttgggttttaagcttatgctcgtagtccccgggcgagtagcaggtgtaaggttgctacttgtgtttagggctag;Animalia;Chordata;Teleostei;Gobiiformes;Eleotridae;Dormitator;maculatus;Dormitator maculatus;Dormitator maculatus;Dormitator maculatus;0;0;1;0
Gua_PORT_complet_408;gggggtctgaagcaccgccaagtcctttgggttttaagcttttgcttgtagttcccgggcgagcagcaggtgtggggttgcttgcttgtgtttacgtctag;Animalia;Chordata;Teleostei;Gobiiformes;Eleotridae;Erotelis;smaragdus;Erotelis smaragdus;Erotelis smaragdus;Erotelis smaragdus;0;0;1;1
Gua_PORT_complet_223;gggggtctaaagcaccgccaaatcctttgggttttaagctcgcgctcgtagttccctggcgaatgctagtagtgtaagagcatttgtgtttaaggctag;Animalia;Chordata;Teleostei;Gobiiformes;Gobiidae;Bathygobius;curacao;Bathygobius curacao;Bathygobius curacao;Bathygobius curacao;0;1;1;0
Gua_PORT_complet_235;gtgggtctaaagcaccgccaagtcctttgggttttaagctggggctcgtagtttccgggcaagtgataggtgtgatgtactcacctgtgtttatggctag;Animalia;Chordata;Teleostei;Gobiiformes;Gobiidae;Ctenogobius;boleosoma;Ctenogobius boleosoma;Ctenogobius boleosoma;Ctenogobius boleosoma;1;1;1;0
Gua_PORT_complet_237;gtgggtctaaagcaccgccaagtcctttgggttttaagctggggctcgtagtttccgggcaagtgataggtgtgatgtattcacctgtgtttatggctag;Animalia;Chordata;Teleostei;Gobiiformes;Gobiidae;Ctenogobius;boleosoma;Ctenogobius boleosoma;Ctenogobius boleosoma;Ctenogobius boleosoma;1;0;1;1
Gua_PORT_complet_238;gtgggtctaaagcaccgccaagtcctttgggttttaagctggggctcgtagtttccgggcgagtaataggtgtgatgtatttacctgtgtttatggctag;Animalia;Chordata;Teleostei;Gobiiformes;Gobiidae;Ctenogobius;saepepallens;Ctenogobius saepepallens;Ctenogobius saepepallens;Ctenogobius saepepallens;1;0;0;1
Gua_PORT_complet_224;gggggtctaaagcaccgccaagtcctttgggttttaagctggggctcgttgttccctggcgaataggaaagtacgggggtatctgtgtttagggctag;Animalia;Chordata;Teleostei;Gobiiformes;Gobiidae;Microgobius;;Microgobius signatus (distributed but 12S missing from Genbank and high interspecific variation in COI between reference sequences);Microgobius sp.;Microgobius sp.;1;0;0;0
Gua_PORT_complet_243;gtgggtgtgaagcgccgccaagtcctttgggtttcaagctagtgctcgtagtacccaggcggatagaataagtagtttactatctaagtttaaggctag;Animalia;Chordata;Teleostei;Kurtiformes;;;;;Kurtiformes;Kurtiformes;0;0;0;1
Gua_PORT_complet_308;gcggaccttaagcaccgccaagtcctttgggttttaagctagggctcgtagtacccgggcggatagtgagtgcggacagactatcaaagtttagggctgg;Animalia;Chordata;Teleostei;Mugiliformes;Mugilidae;Mugil;;Mugil rubrioculus, Mugil curema, Mugil curvidens (distributed but 12S missing from Genbank and high interspecific variation in COI between reference sequences);Mugil sp._1;Mugil sp.;0;1;0;0
Gua_PORT_complet_310;acggatcttaagcaccgccaagtcctttgggttttaagctaaagctcgtagtacccgggcggatagtgggtgtggtaaaactatcaaagtttagggctga;Animalia;Chordata;Teleostei;Mugiliformes;Mugilidae;Mugil;;Mugil curema, Mugil trichodon, Mugil curvidens (distributed but 12S missing from Genbank and high interspecific variation in COI between reference sequences);Mugil sp._2;Mugil sp.;1;1;0;1
Gua_PORT_complet_312;atggatcttaagcaccgccaagtcctttgggttttaagctaaagctcgtagtacccgggcggatagtgggtatagttaaactatcaaagtttagggctgt;Animalia;Chordata;Teleostei;Mugiliformes;Mugilidae;Mugil;;Mugil curvidens (distributed but 12S missing from Genbank and high interspecific variation in COI between reference sequences);Mugil sp._3;Mugil sp.;0;1;0;0
Gua_PORT_complet_359;gggggtctaaagcaccgccaagtccttcgggttttaagctagcgctcgtagtacccaggcggataatgcgtgtaatatcttatcaatgtttacggccag;Animalia;Chordata;Teleostei;Mulliformes;Mullidae;Pseudupeneus;maculatus;Pseudupeneus maculatus;Pseudupeneus maculatus;Pseudupeneus maculatus;0;1;0;0
Gua_PORT_complet_318;gtgggtctaaagcgccgccaagtcctttgggttttaagctgccgctagtagttccctggcgagtaggggggtattactcacacctgcgtttacggctaa;Animalia;Chordata;Teleostei;Ophidiiformes;Carapidae;Carapus;bermudensis;Carapus bermudensis;Carapus bermudensis;Carapus bermudensis;0;1;0;0
Gua_PORT_complet_384;gtggatgtaaagcaccgccaagtcctttgggttttaagctaatgctcgtagtaccctggcggatagtgggtgtaatgatctatcaaagtttagggctgg;Animalia;Chordata;Teleostei;Ovalentaria incertae sedis;Pomacentridae;Abudefduf;saxatilis;Abudefduf saxatilis;Abudefduf saxatilis;Abudefduf saxatilis;1;1;0;1
Gua_PORT_complet_389;gtggatctaaagcaccgccaagtcctttgggttttaagctggtgctcgtagtacccgggcggatagtgggtgtaatggtctatcaatgtttacggctga;Animalia;Chordata;Teleostei;Ovalentaria incertae sedis;Pomacentridae;Microspathodon;chrysurus;Microspathodon chrysurus;Microspathodon chrysurus;Microspathodon chrysurus;0;0;0;1
Gua_PORT_complet_391;gtggatctaaagcaccgccaagtcctttgagttttaagctagtgctcgtaatacccgggcggataggggttgtagtggactatcgaagtttagggctga;Animalia;Chordata;Teleostei;Ovalentaria incertae sedis;Pomacentridae;Stegastes;;Stegastes adustus, Stegastes diencaeus, Stegastes fuscus, Stegastes otophorus (distributed but 12S missing from Genbank and high interspecific variation in COI between reference sequences), Stegastes punctatus (distributed but 12S missing from Genbank and high interspecific variation in COI between reference sequences);Stegastes sp._1;Stegastes sp.;1;1;0;1
Gua_PORT_complet_400;aaggatctaaagcaccgccaagtcctttgggttttaagccagatgctcgtaatacccaggcggataggggttgtagtggactatcaaagtttaaggatga;Animalia;Chordata;Teleostei;Ovalentaria incertae sedis;Pomacentridae;Stegastes;;Stegastes adustus, Stegastes diencaeus, Stegastes fuscus, Stegastes otophorus (distributed but 12S missing from Genbank and high interspecific variation in COI between reference sequences), Stegastes punctatus (distributed but 12S missing from Genbank and high interspecific variation in COI between reference sequences);Stegastes sp._2;Stegastes sp.;0;1;0;1
Gua_PORT_complet_401;gtggatctaaagcaccgccaagtcctttgggttttaagctggtgctcgtaatatcctggcggataggggttgtagtggcctatcaaagtttagggctga;Animalia;Chordata;Teleostei;Ovalentaria incertae sedis;Pomacentridae;Stegastes;planifrons;Stegastes planifrons;Stegastes planifrons;Stegastes planifrons;0;1;0;0
Gua_PORT_complet_320;gtgggtctaaagcaccgccaagtcctttgggttttaagctgttgctcgtagtccccgggcggatagtgggtgtaaaaaactatcaatgtttagggcaaa;Animalia;Chordata;Teleostei;Perciformes;Epinephelidae;Cephalopholis;fulva;Cephalopholis fulva;Cephalopholis fulva;Cephalopholis fulva;1;0;0;0
Gua_PORT_complet_321;gtgggtttgaagcaccgccaagtcctttgggttttaagctattgctcgtagtctccaggcggatagttattgtgttaagctatcaatgtttagggcaaa;Animalia;Chordata;Teleostei;Perciformes;Epinephelidae;Epinephelus;;Epinephelus adscensionis, Epinephelus morio;Epinephelus sp._1;Epinephelus sp.;0;1;0;0
Gua_PORT_complet_323;gtggatctaaagcaccgccaagtcctttgggttttaagctattgctcgtagtctccaggcggatagttattgtgttaagctatcaatgtttagggcaaa;Animalia;Chordata;Teleostei;Perciformes;Epinephelidae;Epinephelus;;Epinephelus adscensionis, Epinephelus morio, Epinephelus striatus;Epinephelus sp._2;Epinephelus sp.;1;1;0;0
Gua_PORT_complet_322;gtggatctaaagcaccgccaagtcctttgggttttaagctattgctcgtagtttccgggcggatagttgttgtataaagctatcaatgtttagggcgaa;Animalia;Chordata;Teleostei;Perciformes;Epinephelidae;Epinephelus;guttatus;Epinephelus guttatus;Epinephelus guttatus;Epinephelus guttatus;1;0;0;0
Gua_PORT_complet_324;gtggatctaaagcaccgccaagtcctttgggttttaagctgatgctcgtagttcccgggcggatagtgtgtgtagtgcactatcaatgtttagggcgaa;Animalia;Chordata;Teleostei;Perciformes;Grammistidae;Rypticus;;Rypticus bistrispinus, Rypticus randalli, Rypticus saponaceus, Rypticus subbifrenatus;Rypticus sp.;Rypticus sp.;1;0;1;1
Gua_PORT_complet_319;gggggtctaaagcaccgccaagtcctttgggttttaagctggtgctcgtagtacccgggcgggtaaaatgtgtagagttataccaatgtttagggctag;Animalia;Chordata;Teleostei;Perciformes;Scorpaenidae;Pterois;volitans;Pterois volitans;Pterois volitans;Pterois volitans;1;0;0;0
Gua_PORT_complet_325;gtggatgttaagcaccgccaagtcctttgggttttaaacttttgttcgtaattcccgggcggagtgtgttgtgtacttttgtgatcaatgtttacggctaa;Animalia;Chordata;Teleostei;Pleuronectiformes;Achiridae;Achirus;;Achirus declivis (distributed but 12S missing from Genbank and high interspecific variation in COI between reference sequences);Achirus sp.;Achirus sp.;0;1;0;0
Gua_PORT_complet_326;gtggatgtaaagcaccgccaagtcctttggtttttagactagtgtccgtaattcccaggcggatagaataagttaaattcgatcaatgtttagggctga;Animalia;Chordata;Teleostei;Pleuronectiformes;Bothidae;Bothus;lunatus;Bothus lunatus;Bothus lunatus;Bothus lunatus;0;1;0;0
Gua_PORT_complet_331;ggggatctaaagtaccgccaagtcctttgggtttcaagctaatgctcgtagtacccaggcggatagagggtgtaaaattctatcaatgtttacggctag;Animalia;Chordata;Teleostei;Scombriformes;Scombridae;;;Thunnus alalunga, Thunnus albacares, Thunnus atlanticus, Thunnus obesus, Thunnus thynnus, Auxis thazard, Auxis rochei, Sarda sarda, Katsuwonus pelamis, Euthynnus alletteratus, Acanthocybium solandri;Scombridae;Scombridae;0;0;0;1
Gua_PORT_complet_327;ggggatctaaagtaccgccaagtcctttgggtttcaagctgatgctcgtagtacccgggcggatagagggcgtataattctatcaatgtttacggctag;Animalia;Chordata;Teleostei;Scombriformes;Scombridae;Scomberomorus;;Scomberomorus brasiliensis, Scomberomorus maculatus;Scomberomorus sp.;Scomberomorus sp.;0;0;0;1
Gua_PORT_complet_328;ggggatctaaagtaccgccaagtcctttgggttttaagctaatgctcgtagtacccaggcggatagagggtgtatagttctatcaatgtttacggctag;Animalia;Chordata;Teleostei;Scombriformes;Scombridae;Scomberomorus;cavalla;Scomberomorus cavalla;Scomberomorus cavalla;Scomberomorus cavalla;0;0;0;1
Gua_PORT_complet_355;ttgggtctaaagcaccgccaagtcctttgggttttaagcttgcgctcgtagtatccgggcggatgggttgagtgtgaggtcccatcattgtttatagctaa;Animalia;Chordata;Teleostei;Syngnathiformes;Aulostomidae;Aulostomus;maculatus;Aulostomus maculatus;Aulostomus maculatus;Aulostomus maculatus;0;1;0;0
Gua_PORT_complet_360;gtgggtctaaagcaccgccaagtcctttgggtttcaagctagtgcttgtagttccctggcggattgcgagtaaattgctatcagtgtttacggttat;Animalia;Chordata;Teleostei;Syngnathiformes;Syngnathidae;Syngnathus;;Syngnathus floridae, Syngnathus louisianae, Syngnathus pelagicus, Syngnathus caribbaeus (distributed but 12S missing from Genbank and high interspecific variation in COI between reference sequences);Syngnathus sp.;Syngnathus sp.;0;0;1;0
Gua_PORT_complet_361;gtggatctaaagcaccgccaagtcctttgggttttaagctaatgctcgtagttccctggcggatggctttggtaatggaccatcaatgtttagggctag;Animalia;Chordata;Teleostei;Tetraodontiformes;Balistidae;Canthidermis;maculata;Canthidermis maculata;Canthidermis maculata;Canthidermis maculata;1;0;0;1
Gua_PORT_complet_362;gtgggtctaaagcaccgccaagtcctttgggttttaagctggtgctcgtagttcccgggcggacagttggtgaatttactgtcgatgtttagggctag;Animalia;Chordata;Teleostei;Tetraodontiformes;Diodontidae;;;Diodon holocanthus, Diodon hystrix, Chilomycterus schoepfii, Chilomycterus antillarum (distributed but 12S missing from Genbank and high interspecific variation in COI between reference sequences);Diodontidae_1;Diodontidae;1;1;0;1
Gua_PORT_complet_368;gtgggtttgaagcaccgccaagtcctttgggttttaagctggtgctcgtagttcccgggcggacagttggtgaatttactgtcgatgtttagggctag;Animalia;Chordata;Teleostei;Tetraodontiformes;Diodontidae;;;Diodon hystrix, Chilomycterus antillarum (distributed but 12S missing from Genbank and high interspecific variation in COI between reference sequences);Diodontidae_2;Diodontidae;0;1;0;0
Gua_PORT_complet_371;gtggatctaaagcaccgccaagtcctttgggttttaagcttatgctcgtagttcccaggcggataggtgtgtagttgtctatcattgtttagggctag;Animalia;Chordata;Teleostei;Tetraodontiformes;Monacanthidae;Monacanthus;;Monacanthus tuckeri, Monacanthus ciliatus;Monacanthus sp._1;Monacanthus sp.;0;1;0;0
Gua_PORT_complet_372;gtggatctaaagcaccgccaagtcctttgggttttaagcttatgctcgtagttcccgggcggataggtgtgtagttgtctatcattgtttagggctag;Animalia;Chordata;Teleostei;Tetraodontiformes;Monacanthidae;Monacanthus;;Monacanthus tuckeri, Monacanthus ciliatus;Monacanthus sp._2;Monacanthus sp.;0;1;0;0
Gua_PORT_complet_373;gtggttttaaagcaccgccaagtcctttgggttttaagctaatgctcgtagtacccgggcggatgtggagtgtataagggcatctttgtttagggctag;Animalia;Chordata;Teleostei;Tetraodontiformes;Tetraodontidae;Canthigaster;rostrata;Canthigaster rostrata;Canthigaster rostrata;Canthigaster rostrata;0;1;0;1
Gua_PORT_complet_374;atggttttaaagcaccgccaagtcctttgggttttaagctaatgctcgtagtacccgggcggatggtgggtgtagatagatatcattgtttagggctaa;Animalia;Chordata;Teleostei;Tetraodontiformes;Tetraodontidae;Sphoeroides;;Sphoeroides spengleri, Sphoeroides georgemilleri (distributed but 12S missing from Genbank and high interspecific variation in COI between reference sequences);Sphoeroides sp._1;Sphoeroides sp.;0;1;0;0
Gua_PORT_complet_375;atggttttaaagcaccgccaagtcctttgggttttaagctaatgctcgtagtacccgggcggatagtgagtgtaggtaaatatcattgtttagggctaa;Animalia;Chordata;Teleostei;Tetraodontiformes;Tetraodontidae;Sphoeroides;;Sphoeroides testudineus, Sphoeroides georgemilleri (distributed but 12S missing from Genbank and high interspecific variation in COI between reference sequences), Sphoeroides greeleyi (distributed but 12S missing from Genbank and high interspecific variation in COI between reference sequences);Sphoeroides sp._2;Sphoeroides sp.;0;0;0;1
Gua_PORT_complet_377;atggttttaaagcaccgccaagtcctttgggttttaagctaatgctcgtagtaccctggcggatggtggggtaagtaaatatcgttgtttagggctaa;Animalia;Chordata;Teleostei;Tetraodontiformes;Tetraodontidae;Sphoeroides;;Sphoeroides georgemilleri (distributed but 12S missing from Genbank and high interspecific variation in COI between reference sequences), Sphoeroides greeleyi (distributed but 12S missing from Genbank and high interspecific variation in COI between reference sequences);Sphoeroides sp._3;Sphoeroides sp.;1;1;0;1